figma_path	institution	category	region	country	website	source_url	variant	variant_reason	aspect	background	file_link	status	notes
banks/indo/bank-mandiri	Bank Mandiri	bank	Indonesia		https://www.bankmandiri.co.id	https://cdn.jsdelivr.net/npm/idn-finlogos@2.5.0/dist/icons/mandiri.svg	wordmark	Curated corporate vector/lockup for compact UI	3.20:1 (horizontal, 80x25)	transparent	assets/banks/indo/bank-mandiri.svg	Needs Review	State-owned (KBMI 4). Auto-sourced via app-store. Asset audit 2026-08: replaced automated candidate with idn-finlogos artwork (CC BY-NC 4.0 (collection; underlying trademarks remain with their owners)).
banks/indo/bri	Bank Rakyat Indonesia (BRI)	bank	Indonesia		https://www.bri.co.id	https://cdn.jsdelivr.net/npm/idn-finlogos@2.5.0/dist/icons/bri.svg	wordmark	Curated corporate vector/lockup for compact UI	1.95:1 (horizontal, 80x41)	transparent	assets/banks/indo/bri.svg	Needs Review	State-owned (KBMI 4). Verify: OJK/BI register. Auto-sourced via brand-site. Asset audit 2026-08: replaced automated candidate with idn-finlogos artwork (CC BY-NC 4.0 (collection; underlying trademarks remain with their owners)).
banks/indo/bni	Bank Negara Indonesia (BNI)	bank	Indonesia		https://www.bni.co.id	https://cdn.jsdelivr.net/npm/idn-finlogos@2.5.0/dist/icons/bni.svg	wordmark	Curated corporate vector/lockup for compact UI	3.33:1 (horizontal, 80x24)	transparent	assets/banks/indo/bni.svg	Needs Review	State-owned (KBMI 4). Verify: OJK/BI register. Asset audit 2026-08: replaced automated candidate with idn-finlogos artwork (CC BY-NC 4.0 (collection; underlying trademarks remain with their owners)).
banks/indo/bca	Bank Central Asia (BCA)	bank	Indonesia		https://www.bca.co.id	https://cdn.jsdelivr.net/npm/idn-finlogos@2.5.0/dist/icons/bca.svg	wordmark	Curated corporate vector/lockup for compact UI	3.08:1 (horizontal, 80x26)	transparent	assets/banks/indo/bca.svg	Needs Review	Largest private bank. Verify: OJK/BI register. Auto-sourced via brand-press. Asset audit 2026-08: replaced automated candidate with idn-finlogos artwork (CC BY-NC 4.0 (collection; underlying trademarks remain with their owners)).
banks/indo/btn	Bank Tabungan Negara (BTN)	bank	Indonesia		https://www.btn.co.id	https://cdn.jsdelivr.net/npm/idn-finlogos@2.5.0/dist/icons/btn.svg	wordmark	Curated corporate vector/lockup for compact UI	1.78:1 (horizontal, 80x45)	transparent	assets/banks/indo/btn.svg	Needs Review	State-owned. Verify: OJK/BI register. Auto-sourced via brand-site. Asset audit 2026-08: replaced automated candidate with idn-finlogos artwork (CC BY-NC 4.0 (collection; underlying trademarks remain with their owners)).
banks/indo/bsi	Bank Syariah Indonesia (BSI)	bank	Indonesia		https://www.bankbsi.co.id	https://cdn.jsdelivr.net/npm/idn-finlogos@2.5.0/dist/icons/bsi.svg	wordmark	Curated corporate vector/lockup for compact UI	1.63:1 (horizontal, 80x49)	transparent	assets/banks/indo/bsi.svg	Needs Review	Formed 2021 from BRIsyariah/BNI Syariah/Mandiri Syariah merger. Auto-sourced via brand-site. Asset audit 2026-08: replaced automated candidate with idn-finlogos artwork (CC BY-NC 4.0 (collection; underlying trademarks remain with their owners)).
banks/indo/cimb-niaga	CIMB Niaga	bank	Indonesia		https://www.cimbniaga.co.id	https://cdn.jsdelivr.net/npm/idn-finlogos@2.5.0/dist/icons/cimb-niaga.svg	icon	Curated corporate vector/lockup for compact UI	1.03:1 (square, 62x60)	transparent	assets/banks/indo/cimb-niaga.svg	Needs Review	Verify: OJK/BI register. Auto-sourced via brand-site. Asset audit 2026-08: replaced automated candidate with idn-finlogos artwork (CC BY-NC 4.0 (collection; underlying trademarks remain with their owners)).
banks/indo/danamon	Bank Danamon	bank	Indonesia		https://www.danamon.co.id	https://cdn.jsdelivr.net/npm/idn-finlogos@2.5.0/dist/icons/danamon.svg	wordmark	Curated corporate vector/lockup for compact UI	3.81:1 (horizontal, 80x21)	transparent	assets/banks/indo/danamon.svg	Needs Review	MUFG-controlled. Auto-sourced via brand-site. Asset audit 2026-08: replaced automated candidate with idn-finlogos artwork (CC BY-NC 4.0 (collection; underlying trademarks remain with their owners)).
banks/indo/permata	PermataBank	bank	Indonesia		https://www.permatabank.com	https://cdn.jsdelivr.net/npm/idn-finlogos@2.5.0/dist/icons/permata.svg	wordmark	Curated corporate vector/lockup for compact UI	4.00:1 (horizontal, 80x20)	transparent	assets/banks/indo/permata.svg	Needs Review	Owned by Bangkok Bank. Auto-sourced via brand-site. Asset audit 2026-08: replaced automated candidate with idn-finlogos artwork (CC BY-NC 4.0 (collection; underlying trademarks remain with their owners)).
banks/indo/panin	Bank Panin	bank	Indonesia		https://www.panin.co.id	https://cdn.jsdelivr.net/npm/idn-finlogos@2.5.0/dist/icons/paninbank.svg	wordmark	Curated corporate vector/lockup for compact UI	1.82:1 (horizontal, 80x44)	transparent	assets/banks/indo/panin.svg	Needs Review	Verify: OJK/BI register. Asset audit 2026-08: replaced automated candidate with idn-finlogos artwork (CC BY-NC 4.0 (collection; underlying trademarks remain with their owners)).
banks/indo/ocbc-indonesia	OCBC Indonesia	bank	Indonesia		https://www.ocbc.id	https://raw.githubusercontent.com/auraveni/global-bank-logos/main/assets/bank/international-bank/ocbc.svg	icon	Curated corporate vector/lockup for compact UI	1:1.06 (vertical, 1549x1635)	transparent	assets/banks/indo/ocbc-indonesia.svg	Needs Review	Rebranded from OCBC NISP (2023) - do not use pre-rebrand asset. Auto-sourced via brand-site. Asset audit 2026-08: replaced automated candidate with global-bank-logos artwork (MIT (collection; underlying trademarks remain with their owners)). Current OCBC mark; do not use the pre-2023 OCBC NISP asset.
banks/indo/maybank-indonesia	Maybank Indonesia	bank	Indonesia		https://www.maybank.co.id	https://cdn.jsdelivr.net/npm/idn-finlogos@2.5.0/dist/icons/maybank.svg	wordmark	Curated corporate vector/lockup for compact UI	1.40:1 (horizontal, 80x57)	transparent	assets/banks/indo/maybank-indonesia.svg	Needs Review	Candidate row; regulator check and asset sourcing outstanding. Auto-sourced via brand-press. Asset audit 2026-08: replaced automated candidate with idn-finlogos artwork (CC BY-NC 4.0 (collection; underlying trademarks remain with their owners)).
banks/indo/smbc-indonesia	Bank SMBC Indonesia	bank	Indonesia			https://cdn.jsdelivr.net/npm/idn-finlogos@2.5.0/dist/icons/bank-smbc-indonesia.svg	wordmark	Curated corporate vector/lockup for compact UI	2.22:1 (horizontal, 80x36)	transparent	assets/banks/indo/smbc-indonesia.svg	Needs Review	Renamed from Bank BTPN effective 2 Oct 2024 - do NOT use BTPN asset. Official domain changed post-rebrand; confirm before sourcing. Asset audit 2026-08: replaced automated candidate with idn-finlogos artwork (CC BY-NC 4.0 (collection; underlying trademarks remain with their owners)).
banks/indo/mega	Bank Mega	bank	Indonesia		https://www.bankmega.com	https://cdn.jsdelivr.net/npm/idn-finlogos@2.5.0/dist/icons/mega.svg	wordmark	Curated corporate vector/lockup for compact UI	1.70:1 (horizontal, 80x47)	transparent	assets/banks/indo/mega.svg	Needs Review	CT Corp group. Auto-sourced via brand-site. Asset audit 2026-08: replaced automated candidate with idn-finlogos artwork (CC BY-NC 4.0 (collection; underlying trademarks remain with their owners)).
banks/indo/kb-bank	KB Bank	bank	Indonesia		https://www.kbbank.co.id	https://www.kbbank.co.id/kb-logo-2.png	wordmark	Official corporate raster lockup; vector not available	5.58:1 (horizontal, 413x74)	transparent	assets/banks/indo/kb-bank.png	Needs Review	Rebranded from KB Bukopin (2024) - confirm current name/domain. Auto-sourced via app-store. Asset audit 2026-08: replaced automated candidate with official artwork (Official brand asset). Downloaded from the current KB Bank site; not the old KB Bukopin mark.
banks/indo/btpn-syariah	BTPN Syariah	bank	Indonesia		https://www.btpnsyariah.com	https://cdn.jsdelivr.net/npm/idn-finlogos@2.5.0/dist/icons/btpn-syariah.svg	wordmark	Curated corporate vector/lockup for compact UI	1.74:1 (horizontal, 80x46)	transparent	assets/banks/indo/btpn-syariah.svg	Needs Review	Retains BTPN Syariah name despite parent rebrand - confirm. Auto-sourced via brand-site. Asset audit 2026-08: replaced automated candidate with idn-finlogos artwork (CC BY-NC 4.0 (collection; underlying trademarks remain with their owners)).
banks/indo/sinarmas	Bank Sinarmas	bank	Indonesia		https://www.banksinarmas.com	https://cdn.jsdelivr.net/npm/idn-finlogos@2.5.0/dist/icons/sinarmas.svg	wordmark	Curated corporate vector/lockup for compact UI	4.44:1 (horizontal, 80x18)	transparent	assets/banks/indo/sinarmas.svg	Needs Review	Candidate row; regulator check and asset sourcing outstanding. Asset audit 2026-08: replaced automated candidate with idn-finlogos artwork (CC BY-NC 4.0 (collection; underlying trademarks remain with their owners)).
banks/indo/bjb	Bank BJB	bank	Indonesia		https://www.bankbjb.co.id	https://cdn.jsdelivr.net/npm/idn-finlogos@2.5.0/dist/icons/bank-bjb.svg	wordmark	Curated corporate vector/lockup for compact UI	1.82:1 (horizontal, 80x44)	transparent	assets/banks/indo/bjb.svg	Needs Review	Regional (BPD West Java). Auto-sourced via app-store. Asset audit 2026-08: replaced automated candidate with idn-finlogos artwork (CC BY-NC 4.0 (collection; underlying trademarks remain with their owners)).
banks/indo/bank-dki	Bank Jakarta (formerly Bank DKI)	bank	Indonesia		https://www.bankdki.co.id	https://cdn.jsdelivr.net/npm/idn-finlogos@2.5.0/dist/icons/bank-jakarta.svg	wordmark	Curated corporate vector/lockup for compact UI	3.81:1 (horizontal, 80x21)	transparent	assets/banks/indo/bank-dki.svg	Needs Review	Regional (Jakarta). Auto-sourced via app-store. Asset audit 2026-08: replaced automated candidate with idn-finlogos artwork (CC BY-NC 4.0 (collection; underlying trademarks remain with their owners)). Current public brand is Bank Jakarta; legal entity remains PT Bank DKI.
banks/indo/bank-jatim	Bank Jatim	bank	Indonesia		https://www.bankjatim.co.id	https://cdn.jsdelivr.net/npm/idn-finlogos@2.5.0/dist/icons/bank-bpd-jatim.svg	wordmark	Curated corporate vector/lockup for compact UI	4.21:1 (horizontal, 80x19)	transparent	assets/banks/indo/bank-jatim.svg	Needs Review	Regional (East Java). Auto-sourced via brand-press. Asset audit 2026-08: replaced automated candidate with idn-finlogos artwork (CC BY-NC 4.0 (collection; underlying trademarks remain with their owners)).
banks/indo/muamalat	Bank Muamalat	bank	Indonesia		https://www.bankmuamalat.co.id	https://cdn.jsdelivr.net/npm/idn-finlogos@2.5.0/dist/icons/muamalat.svg	wordmark	Curated corporate vector/lockup for compact UI	3.20:1 (horizontal, 80x25)	transparent	assets/banks/indo/muamalat.svg	Needs Review	First Indonesian sharia bank. Auto-sourced via app-store. Asset audit 2026-08: replaced automated candidate with idn-finlogos artwork (CC BY-NC 4.0 (collection; underlying trademarks remain with their owners)).
banks/indo/jago	Bank Jago	bank	Indonesia		https://www.jago.com	https://cdn.jsdelivr.net/npm/idn-finlogos@2.5.0/dist/icons/jago.svg	wordmark	Curated corporate vector/lockup for compact UI	3.08:1 (horizontal, 80x26)	transparent	assets/banks/indo/jago.svg	Needs Review	Digital bank. Auto-sourced via brand-site. Asset audit 2026-08: replaced automated candidate with idn-finlogos artwork (CC BY-NC 4.0 (collection; underlying trademarks remain with their owners)).
banks/indo/seabank	SeaBank Indonesia	bank	Indonesia		https://www.seabank.co.id	https://cdn.jsdelivr.net/npm/idn-finlogos@2.5.0/dist/icons/seabank.svg	wordmark	Curated corporate vector/lockup for compact UI	3.08:1 (horizontal, 80x26)	transparent	assets/banks/indo/seabank.svg	Needs Review	Sea Group. Auto-sourced via brand-site. Asset audit 2026-08: replaced automated candidate with idn-finlogos artwork (CC BY-NC 4.0 (collection; underlying trademarks remain with their owners)).
banks/indo/allo-bank	Allo Bank	bank	Indonesia		https://www.allobank.com	https://cdn.jsdelivr.net/npm/idn-finlogos@2.5.0/dist/icons/allo.svg	icon	Curated corporate vector/lockup for compact UI	1.13:1 (horizontal, 68x60)	transparent	assets/banks/indo/allo-bank.svg	Needs Review	CT Corp group. Auto-sourced via app-store. Asset audit 2026-08: replaced automated candidate with idn-finlogos artwork (CC BY-NC 4.0 (collection; underlying trademarks remain with their owners)).
banks/indo/superbank	Superbank	bank	Indonesia		https://superbank.id	https://cdn.jsdelivr.net/npm/idn-finlogos@2.5.0/dist/icons/superbank.svg	icon	Curated corporate vector/lockup for compact UI	1.00:1 (square, 72x72)	transparent	assets/banks/indo/superbank.svg	Needs Review	Grab/Singtel/Emtek backed. Auto-sourced via app-store. Asset audit 2026-08: replaced automated candidate with idn-finlogos artwork (CC BY-NC 4.0 (collection; underlying trademarks remain with their owners)).
banks/indo/neo-commerce	Bank Neo Commerce	bank	Indonesia		https://www.bankneocommerce.co.id	https://cdn.jsdelivr.net/npm/idn-finlogos@2.5.0/dist/icons/bnc.svg	wordmark	Curated corporate vector/lockup for compact UI	2.11:1 (horizontal, 80x38)	transparent	assets/banks/indo/neo-commerce.svg	Needs Review	Candidate row; regulator check and asset sourcing outstanding. Auto-sourced via brand-site. Asset audit 2026-08: replaced automated candidate with idn-finlogos artwork (CC BY-NC 4.0 (collection; underlying trademarks remain with their owners)).
banks/indo/blu-bca	blu by BCA Digital	bank	Indonesia		https://blubybcadigital.id	https://cdn.jsdelivr.net/npm/idn-finlogos@2.5.0/dist/icons/blu-bca.svg	wordmark	Curated corporate vector/lockup for compact UI	2.22:1 (horizontal, 80x36)	transparent	assets/banks/indo/blu-bca.svg	Needs Review	Distinct brand from BCA parent - keep separate row. Auto-sourced via brand-site. Asset audit 2026-08: replaced automated candidate with idn-finlogos artwork (CC BY-NC 4.0 (collection; underlying trademarks remain with their owners)).
banks/indo/hsbc-indonesia	HSBC Indonesia	bank	Indonesia		https://www.hsbc.co.id	https://cdn.jsdelivr.net/npm/idn-finlogos@2.5.0/dist/icons/hsbc.svg	wordmark	Curated corporate vector/lockup for compact UI	3.64:1 (horizontal, 80x22)	transparent	assets/banks/indo/hsbc-indonesia.svg	Needs Review	Local arm of global group. Auto-sourced via brand-site. Asset audit 2026-08: replaced automated candidate with idn-finlogos artwork (CC BY-NC 4.0 (collection; underlying trademarks remain with their owners)).
banks/indo/uob-indonesia	UOB Indonesia	bank	Indonesia		https://www.uob.co.id	https://cdn.jsdelivr.net/npm/idn-finlogos@2.5.0/dist/icons/uob.svg	wordmark	Curated corporate vector/lockup for compact UI	3.48:1 (horizontal, 80x23)	transparent	assets/banks/indo/uob-indonesia.svg	Needs Review	Acquired Citi Indonesia consumer business (2023). Auto-sourced via app-store. Asset audit 2026-08: replaced automated candidate with idn-finlogos artwork (CC BY-NC 4.0 (collection; underlying trademarks remain with their owners)).
banks/indo/citibank-indonesia	Citibank Indonesia	bank	Indonesia		https://www.citibank.co.id	https://cdn.jsdelivr.net/npm/idn-finlogos@2.5.0/dist/icons/citibank.svg	wordmark	Curated corporate vector/lockup for compact UI	1.57:1 (horizontal, 80x51)	transparent	assets/banks/indo/citibank-indonesia.svg	Needs Review	Consumer banking sold to UOB in 2023; institutional only. Confirm whether still in scope for a consumer payment UI before including. Auto-sourced via brand-site. Asset audit 2026-08: replaced automated candidate with idn-finlogos artwork (CC BY-NC 4.0 (collection; underlying trademarks remain with their owners)).
banks/indo/bank-raya	Bank Raya	bank	Indonesia		https://www.bankraya.co.id	https://cdn.jsdelivr.net/npm/idn-finlogos@2.5.0/dist/icons/bank-raya.svg	wordmark	Curated corporate vector/lockup for compact UI	2.29:1 (horizontal, 80x35)	transparent	assets/banks/indo/bank-raya.svg	Needs Review	Digital bank; ex-BRI Agroniaga (rebranded 2021). BRI group. Auto-sourced via brand-site. Asset audit 2026-08: replaced automated candidate with idn-finlogos artwork (CC BY-NC 4.0 (collection; underlying trademarks remain with their owners)).
banks/indo/amar-bank	Amar Bank	bank	Indonesia		https://www.amarbank.co.id		fallback	Neutral name badge; no brand identity inferred	3.33:1 (horizontal, 240x72)	transparent	assets/banks/indo/amar-bank.svg	Needs Review	Digital bank (Senyumku / Tunaiku). Auto-sourced via brand-site. Asset audit 2026-08: replaced automated candidate with idn-finlogos artwork (CC BY-NC 4.0 (collection; underlying trademarks remain with their owners)). Asset audit 2026-08: neutral fallback badge only; The available curated file embedded raster content; no clean corporate vector was verified. Use institution text alongside it; do not use this as a brand mark.
banks/indo/krom-bank	Krom Bank Indonesia	bank	Indonesia		https://www.krombank.com	https://cdn.jsdelivr.net/npm/idn-finlogos@2.5.0/dist/icons/krom.svg	icon	Curated corporate vector/lockup for compact UI	1.00:1 (square, 64x64)	transparent	assets/banks/indo/krom-bank.svg	Needs Review	Digital bank; ex-Bank Bisnis Internasional. Kredivo group. Auto-sourced via brand-site. Asset audit 2026-08: replaced automated candidate with idn-finlogos artwork (CC BY-NC 4.0 (collection; underlying trademarks remain with their owners)).
banks/indo/bank-saqu	Bank Saqu	bank	Indonesia		https://www.banksaqu.co.id	https://cdn.jsdelivr.net/npm/idn-finlogos@2.5.0/dist/icons/bank-saqu.svg	wordmark	Curated corporate vector/lockup for compact UI	2.35:1 (horizontal, 80x34)	transparent	assets/banks/indo/bank-saqu.svg	Needs Review	Digital bank; ex-Bank Jasa Jakarta. Astra + WeLab. Auto-sourced via brand-site. Asset audit 2026-08: replaced automated candidate with idn-finlogos artwork (CC BY-NC 4.0 (collection; underlying trademarks remain with their owners)).
banks/indo/hibank	hibank	bank	Indonesia		https://www.hibank.co.id	https://cdn.jsdelivr.net/npm/idn-finlogos@2.5.0/dist/icons/hibank.svg	wordmark	Curated corporate vector/lockup for compact UI	2.05:1 (horizontal, 78x38)	transparent	assets/banks/indo/hibank.svg	Needs Review	Digital bank; ex-Bank Mayora. BNI subsidiary. Lowercase wordmark - preserve casing. Auto-sourced via app-store. Asset audit 2026-08: replaced automated candidate with idn-finlogos artwork (CC BY-NC 4.0 (collection; underlying trademarks remain with their owners)).
banks/indo/aladin-syariah	Bank Aladin Syariah	bank	Indonesia		https://www.aladinbank.id	https://cdn.jsdelivr.net/npm/idn-finlogos@2.5.0/dist/icons/aladin.svg	wordmark	Curated corporate vector/lockup for compact UI	2.22:1 (horizontal, 80x36)	transparent	assets/banks/indo/aladin-syariah.svg	Needs Review	Digital sharia bank; ex-Bank Net Indonesia Syariah. Auto-sourced via brand-site. Asset audit 2026-08: replaced automated candidate with idn-finlogos artwork (CC BY-NC 4.0 (collection; underlying trademarks remain with their owners)).
banks/indo/nobu-bank	Bank Nationalnobu (Nobu Bank)	bank	Indonesia		https://www.nobubank.com	https://cdn.jsdelivr.net/npm/idn-finlogos@2.5.0/dist/icons/nobu.svg	wordmark	Curated corporate vector/lockup for compact UI	2.70:1 (horizontal, 89x33)	transparent	assets/banks/indo/nobu-bank.svg	Needs Review	Lippo group. Auto-sourced via brand-site. Asset audit 2026-08: replaced automated candidate with idn-finlogos artwork (CC BY-NC 4.0 (collection; underlying trademarks remain with their owners)).
banks/indo/mayapada	Bank Mayapada	bank	Indonesia		https://www.bankmayapada.com	https://cdn.jsdelivr.net/npm/idn-finlogos@2.5.0/dist/icons/bank-mayapada.svg	icon	Curated corporate vector/lockup for compact UI	1.23:1 (horizontal, 80x65)	transparent	assets/banks/indo/mayapada.svg	Needs Review	Candidate row; regulator check and asset sourcing outstanding. Auto-sourced via brand-press. Asset audit 2026-08: replaced automated candidate with idn-finlogos artwork (CC BY-NC 4.0 (collection; underlying trademarks remain with their owners)).
banks/indo/artha-graha	Bank Artha Graha Internasional	bank	Indonesia		https://www.arthagraha.com	https://cdn.jsdelivr.net/npm/idn-finlogos@2.5.0/dist/icons/bank-artha-graha-internasional.svg	wordmark	Curated corporate vector/lockup for compact UI	5.00:1 (horizontal, 80x16)	transparent	assets/banks/indo/artha-graha.svg	Needs Review	Candidate row; regulator check and asset sourcing outstanding. Auto-sourced via brand-site. Asset audit 2026-08: replaced automated candidate with idn-finlogos artwork (CC BY-NC 4.0 (collection; underlying trademarks remain with their owners)).
banks/indo/maspion	Bank Maspion	bank	Indonesia		https://www.bankmaspion.co.id	https://cdn.jsdelivr.net/npm/idn-finlogos@2.5.0/dist/icons/bank-maspion.svg	icon	Curated corporate vector/lockup for compact UI	1.05:1 (horizontal, 80x76)	transparent	assets/banks/indo/maspion.svg	Needs Review	Kasikornbank (TH) controlled. Auto-sourced via brand-site. Asset audit 2026-08: replaced automated candidate with idn-finlogos artwork (CC BY-NC 4.0 (collection; underlying trademarks remain with their owners)).
banks/indo/bumi-arta	Bank Bumi Arta	bank	Indonesia		https://www.bankbba.co.id	https://cdn.jsdelivr.net/npm/idn-finlogos@2.5.0/dist/icons/bank-bumi-artha.svg	wordmark	Curated corporate vector/lockup for compact UI	7.27:1 (horizontal, 80x11)	transparent	assets/banks/indo/bumi-arta.svg	Needs Review	Candidate row; regulator check and asset sourcing outstanding. Auto-sourced via brand-site. Asset audit 2026-08: replaced automated candidate with idn-finlogos artwork (CC BY-NC 4.0 (collection; underlying trademarks remain with their owners)).
banks/indo/mestika	Bank Mestika Dharma	bank	Indonesia		https://www.bankmestika.co.id	https://cdn.jsdelivr.net/npm/idn-finlogos@2.5.0/dist/icons/bank-mestika-dharma.svg	wordmark	Curated corporate vector/lockup for compact UI	3.81:1 (horizontal, 80x21)	transparent	assets/banks/indo/mestika.svg	Needs Review	Candidate row; regulator check and asset sourcing outstanding. Auto-sourced via app-store. Asset audit 2026-08: replaced automated candidate with idn-finlogos artwork (CC BY-NC 4.0 (collection; underlying trademarks remain with their owners)).
banks/indo/ganesha	Bank Ganesha	bank	Indonesia		https://www.bankganesha.co.id	https://cdn.jsdelivr.net/npm/idn-finlogos@2.5.0/dist/icons/bank-ganesha.svg	wordmark	Curated corporate vector/lockup for compact UI	10.00:1 (horizontal, 80x8)	transparent	assets/banks/indo/ganesha.svg	Needs Review	Candidate row; regulator check and asset sourcing outstanding. Auto-sourced via brand-site. Asset audit 2026-08: replaced automated candidate with idn-finlogos artwork (CC BY-NC 4.0 (collection; underlying trademarks remain with their owners)).
banks/indo/ina-perdana	Bank Ina Perdana	bank	Indonesia		https://www.bankina.co.id	https://cdn.jsdelivr.net/npm/idn-finlogos@2.5.0/dist/icons/bank-ina.svg	wordmark	Curated corporate vector/lockup for compact UI	3.52:1 (horizontal, 81x23)	transparent	assets/banks/indo/ina-perdana.svg	Needs Review	Candidate row; regulator check and asset sourcing outstanding. Auto-sourced via brand-site. Asset audit 2026-08: replaced automated candidate with idn-finlogos artwork (CC BY-NC 4.0 (collection; underlying trademarks remain with their owners)).
banks/indo/victoria	Bank Victoria International	bank	Indonesia		https://www.victoriabank.co.id	https://cdn.jsdelivr.net/npm/idn-finlogos@2.5.0/dist/icons/bank-victoria.svg	wordmark	Curated corporate vector/lockup for compact UI	6.67:1 (horizontal, 80x12)	transparent	assets/banks/indo/victoria.svg	Needs Review	Candidate row; regulator check and asset sourcing outstanding. Auto-sourced via brand-site. Asset audit 2026-08: replaced automated candidate with idn-finlogos artwork (CC BY-NC 4.0 (collection; underlying trademarks remain with their owners)).
banks/indo/capital	Bank Capital Indonesia	bank	Indonesia		https://www.bankcapital.co.id	https://cdn.jsdelivr.net/npm/idn-finlogos@2.5.0/dist/icons/bank-capital.svg	wordmark	Curated corporate vector/lockup for compact UI	8.89:1 (horizontal, 80x9)	transparent	assets/banks/indo/capital.svg	Needs Review	Candidate row; regulator check and asset sourcing outstanding. Auto-sourced via brand-site. Asset audit 2026-08: replaced automated candidate with idn-finlogos artwork (CC BY-NC 4.0 (collection; underlying trademarks remain with their owners)).
banks/indo/oke-indonesia	Bank Oke Indonesia	bank	Indonesia		https://www.okbank.co.id	https://cdn.jsdelivr.net/npm/idn-finlogos@2.5.0/dist/icons/ok-bank.svg	wordmark	Curated corporate vector/lockup for compact UI	2.76:1 (horizontal, 80x29)	transparent	assets/banks/indo/oke-indonesia.svg	Needs Review	Candidate row; regulator check and asset sourcing outstanding. Asset audit 2026-08: replaced automated candidate with idn-finlogos artwork (CC BY-NC 4.0 (collection; underlying trademarks remain with their owners)).
banks/indo/index-selindo	Bank Index Selindo	bank	Indonesia		https://www.bankindex.co.id	https://cdn.jsdelivr.net/npm/idn-finlogos@2.5.0/dist/icons/bank-index-selindo.svg	wordmark	Curated corporate vector/lockup for compact UI	5.33:1 (horizontal, 80x15)	transparent	assets/banks/indo/index-selindo.svg	Needs Review	Candidate row; regulator check and asset sourcing outstanding. Asset audit 2026-08: replaced automated candidate with idn-finlogos artwork (CC BY-NC 4.0 (collection; underlying trademarks remain with their owners)).
banks/indo/multiarta-sentosa	Bank Multiarta Sentosa (Bank MAS)	bank	Indonesia		https://www.bankmas.co.id	https://cdn.jsdelivr.net/npm/idn-finlogos@2.5.0/dist/icons/bank-mas.svg	wordmark	Curated corporate vector/lockup for compact UI	5.71:1 (horizontal, 80x14)	transparent	assets/banks/indo/multiarta-sentosa.svg	Needs Review	Candidate row; regulator check and asset sourcing outstanding. Auto-sourced via app-store. Asset audit 2026-08: replaced automated candidate with idn-finlogos artwork (CC BY-NC 4.0 (collection; underlying trademarks remain with their owners)).
banks/indo/sahabat-sampoerna	Bank Sahabat Sampoerna	bank	Indonesia		https://www.banksampoerna.com	https://cdn.jsdelivr.net/npm/idn-finlogos@2.5.0/dist/icons/bank-sahabat-sampoerna.svg	icon	Curated corporate vector/lockup for compact UI	1:1.06 (vertical, 62x66)	transparent	assets/banks/indo/sahabat-sampoerna.svg	Needs Review	Candidate row; regulator check and asset sourcing outstanding. Auto-sourced via brand-site. Asset audit 2026-08: replaced automated candidate with idn-finlogos artwork (CC BY-NC 4.0 (collection; underlying trademarks remain with their owners)).
banks/indo/kesejahteraan-ekonomi	Bank Kesejahteraan Ekonomi	bank	Indonesia		https://www.bkebank.co.id		fallback	Neutral name badge; no brand identity inferred	3.33:1 (horizontal, 240x72)	transparent	assets/banks/indo/kesejahteraan-ekonomi.svg	Needs Review	Candidate row; regulator check and asset sourcing outstanding. Asset audit 2026-08: neutral fallback badge only; No trustworthy current corporate artwork was found; retain a name-only badge until the entity is confirmed. Use institution text alongside it; do not use this as a brand mark.
banks/indo/jtrust	Bank JTrust Indonesia	bank	Indonesia		https://www.jtrustbank.co.id	https://cdn.jsdelivr.net/npm/idn-finlogos@2.5.0/dist/icons/j-trust-bank.svg	wordmark	Curated corporate vector/lockup for compact UI	6.15:1 (horizontal, 80x13)	transparent	assets/banks/indo/jtrust.svg	Needs Review	J Trust Group (JP). Auto-sourced via brand-site. Asset audit 2026-08: replaced automated candidate with idn-finlogos artwork (CC BY-NC 4.0 (collection; underlying trademarks remain with their owners)).
banks/indo/mandiri-taspen	Bank Mandiri Taspen (Bank Mantap)	bank	Indonesia		https://www.bankmantap.co.id	https://cdn.jsdelivr.net/npm/idn-finlogos@2.5.0/dist/icons/mandiri-taspen.svg	wordmark	Curated corporate vector/lockup for compact UI	1.95:1 (horizontal, 80x41)	transparent	assets/banks/indo/mandiri-taspen.svg	Needs Review	Mandiri group. Auto-sourced via app-store. Asset audit 2026-08: replaced automated candidate with idn-finlogos artwork (CC BY-NC 4.0 (collection; underlying trademarks remain with their owners)).
banks/indo/bank-of-india-indonesia	Bank of India Indonesia	bank	Indonesia		https://www.boiindonesia.co.id	https://cdn.jsdelivr.net/npm/idn-finlogos@2.5.0/dist/icons/bank-of-india-indonesia.svg	wordmark	Curated corporate vector/lockup for compact UI	1.90:1 (horizontal, 80x42)	transparent	assets/banks/indo/bank-of-india-indonesia.svg	Needs Review	Candidate row; regulator check and asset sourcing outstanding. Asset audit 2026-08: replaced automated candidate with idn-finlogos artwork (CC BY-NC 4.0 (collection; underlying trademarks remain with their owners)).
banks/indo/sbi-indonesia	Bank SBI Indonesia	bank	Indonesia		https://www.sbiindo.com	https://cdn.jsdelivr.net/npm/idn-finlogos@2.5.0/dist/icons/sbi-indonesia.svg	wordmark	Curated corporate vector/lockup for compact UI	2.86:1 (horizontal, 80x28)	transparent	assets/banks/indo/sbi-indonesia.svg	Needs Review	Candidate row; regulator check and asset sourcing outstanding. Asset audit 2026-08: replaced automated candidate with idn-finlogos artwork (CC BY-NC 4.0 (collection; underlying trademarks remain with their owners)).
banks/indo/qnb-indonesia	Bank QNB Indonesia	bank	Indonesia		https://www.qnb.co.id	https://cdn.jsdelivr.net/npm/idn-finlogos@2.5.0/dist/icons/qnb.svg	wordmark	Curated corporate vector/lockup for compact UI	3.33:1 (horizontal, 80x24)	transparent	assets/banks/indo/qnb-indonesia.svg	Needs Review	Candidate row; regulator check and asset sourcing outstanding. Auto-sourced via brand-press. Asset audit 2026-08: replaced automated candidate with idn-finlogos artwork (CC BY-NC 4.0 (collection; underlying trademarks remain with their owners)).
banks/indo/woori-saudara	Bank Woori Saudara	bank	Indonesia		https://www.bankwoorisaudara.com	https://cdn.jsdelivr.net/npm/idn-finlogos@2.5.0/dist/icons/bank-woori-saudara.svg	wordmark	Curated corporate vector/lockup for compact UI	2.96:1 (horizontal, 80x27)	transparent	assets/banks/indo/woori-saudara.svg	Needs Review	Candidate row; regulator check and asset sourcing outstanding. Asset audit 2026-08: replaced automated candidate with idn-finlogos artwork (CC BY-NC 4.0 (collection; underlying trademarks remain with their owners)).
banks/indo/shinhan-indonesia	Bank Shinhan Indonesia	bank	Indonesia		https://www.shinhan.co.id	https://cdn.jsdelivr.net/npm/idn-finlogos@2.5.0/dist/icons/shinhan-bank.svg	icon	Curated corporate vector/lockup for compact UI	1.00:1 (square, 67x67)	transparent	assets/banks/indo/shinhan-indonesia.svg	Needs Review	Candidate row; regulator check and asset sourcing outstanding. Auto-sourced via app-store. Asset audit 2026-08: replaced automated candidate with idn-finlogos artwork (CC BY-NC 4.0 (collection; underlying trademarks remain with their owners)).
banks/indo/keb-hana	Bank KEB Hana Indonesia	bank	Indonesia		https://www.hanabank.co.id	https://cdn.jsdelivr.net/npm/idn-finlogos@2.5.0/dist/icons/keb-hana-bank.svg	icon	Curated corporate vector/lockup for compact UI	1.10:1 (horizontal, 80x73)	transparent	assets/banks/indo/keb-hana.svg	Needs Review	Candidate row; regulator check and asset sourcing outstanding. Auto-sourced via app-store. Asset audit 2026-08: replaced automated candidate with idn-finlogos artwork (CC BY-NC 4.0 (collection; underlying trademarks remain with their owners)).
banks/indo/ibk-indonesia	Bank IBK Indonesia	bank	Indonesia		https://www.ibk.co.id	https://cdn.jsdelivr.net/npm/idn-finlogos@2.5.0/dist/icons/ibk-bank.svg	icon	Curated corporate vector/lockup for compact UI	1.03:1 (square, 80x78)	transparent	assets/banks/indo/ibk-indonesia.svg	Needs Review	Candidate row; regulator check and asset sourcing outstanding. Auto-sourced via app-store. Asset audit 2026-08: replaced automated candidate with idn-finlogos artwork (CC BY-NC 4.0 (collection; underlying trademarks remain with their owners)).
banks/indo/ctbc-indonesia	Bank CTBC Indonesia	bank	Indonesia		https://www.ctbcbank.co.id	https://cdn.jsdelivr.net/npm/idn-finlogos@2.5.0/dist/icons/ctbc-bank.svg	wordmark	Curated corporate vector/lockup for compact UI	3.48:1 (horizontal, 80x23)	transparent	assets/banks/indo/ctbc-indonesia.svg	Needs Review	Candidate row; regulator check and asset sourcing outstanding. Auto-sourced via app-store. Asset audit 2026-08: replaced automated candidate with idn-finlogos artwork (CC BY-NC 4.0 (collection; underlying trademarks remain with their owners)).
banks/indo/mizuho-indonesia	Bank Mizuho Indonesia	bank	Indonesia			https://cdn.jsdelivr.net/npm/idn-finlogos@2.5.0/dist/icons/mizuho-bank.svg	wordmark	Curated corporate vector/lockup for compact UI	3.33:1 (horizontal, 80x24)	transparent	assets/banks/indo/mizuho-indonesia.svg	Needs Review	Wholesale/corporate only - confirm it belongs in a consumer payment UI. Asset audit 2026-08: replaced automated candidate with idn-finlogos artwork (CC BY-NC 4.0 (collection; underlying trademarks remain with their owners)).
banks/indo/mufg-indonesia	Bank MUFG Indonesia	bank	Indonesia			https://cdn.jsdelivr.net/npm/idn-finlogos@2.5.0/dist/icons/mufg.svg	wordmark	Curated corporate vector/lockup for compact UI	4.21:1 (horizontal, 80x19)	transparent	assets/banks/indo/mufg-indonesia.svg	Needs Review	Wholesale/corporate only - confirm it belongs in a consumer payment UI. Asset audit 2026-08: replaced automated candidate with idn-finlogos artwork (CC BY-NC 4.0 (collection; underlying trademarks remain with their owners)).
banks/indo/resona-perdania	Bank Resona Perdania	bank	Indonesia		https://www.perdania.co.id	https://cdn.jsdelivr.net/npm/idn-finlogos@2.5.0/dist/icons/bank-resona-perdania.svg	icon	Curated corporate vector/lockup for compact UI	1:1.27 (vertical, 63x80)	transparent	assets/banks/indo/resona-perdania.svg	Needs Review	Candidate row; regulator check and asset sourcing outstanding. Auto-sourced via brand-site. Asset audit 2026-08: replaced automated candidate with idn-finlogos artwork (CC BY-NC 4.0 (collection; underlying trademarks remain with their owners)).
banks/indo/icbc-indonesia	Bank ICBC Indonesia	bank	Indonesia		https://www.icbc.co.id	https://cdn.jsdelivr.net/npm/idn-finlogos@2.5.0/dist/icons/icbc.svg	icon	Curated corporate vector/lockup for compact UI	1:1.25 (vertical, 56x70)	transparent	assets/banks/indo/icbc-indonesia.svg	Needs Review	Candidate row; regulator check and asset sourcing outstanding. Asset audit 2026-08: replaced automated candidate with idn-finlogos artwork (CC BY-NC 4.0 (collection; underlying trademarks remain with their owners)).
banks/indo/bnp-paribas-indonesia	Bank BNP Paribas Indonesia	bank	Indonesia			https://cdn.jsdelivr.net/npm/idn-finlogos@2.5.0/dist/icons/bnp-paribas.svg	wordmark	Curated corporate vector/lockup for compact UI	4.71:1 (horizontal, 80x17)	transparent	assets/banks/indo/bnp-paribas-indonesia.svg	Needs Review	Wholesale/corporate only - confirm it belongs in a consumer payment UI. Auto-sourced via app-store. Asset audit 2026-08: replaced automated candidate with idn-finlogos artwork (CC BY-NC 4.0 (collection; underlying trademarks remain with their owners)).
banks/indo/dbs-indonesia	Bank DBS Indonesia	bank	Indonesia		https://www.dbs.id	https://cdn.jsdelivr.net/npm/idn-finlogos@2.5.0/dist/icons/dbs.svg	wordmark	Curated corporate vector/lockup for compact UI	3.36:1 (horizontal, 94x28)	transparent	assets/banks/indo/dbs-indonesia.svg	Needs Review	Local arm of DBS - distinct row from banks/sea/sg/dbs. Auto-sourced via app-store. Asset audit 2026-08: replaced automated candidate with idn-finlogos artwork (CC BY-NC 4.0 (collection; underlying trademarks remain with their owners)).
banks/indo/anz-indonesia	Bank ANZ Indonesia	bank	Indonesia			https://cdn.jsdelivr.net/npm/idn-finlogos@2.5.0/dist/icons/anz.svg	wordmark	Curated corporate vector/lockup for compact UI	3.08:1 (horizontal, 80x26)	transparent	assets/banks/indo/anz-indonesia.svg	Needs Review	Consumer business exited years ago - confirm current scope. Asset audit 2026-08: replaced automated candidate with idn-finlogos artwork (CC BY-NC 4.0 (collection; underlying trademarks remain with their owners)).
banks/indo/standard-chartered-indonesia	Standard Chartered Indonesia	bank	Indonesia		https://www.sc.com/id	https://cdn.jsdelivr.net/npm/idn-finlogos@2.5.0/dist/icons/standard-chartered.svg	wordmark	Curated corporate vector/lockup for compact UI	2.50:1 (horizontal, 80x32)	transparent	assets/banks/indo/standard-chartered-indonesia.svg	Needs Review	Local arm - distinct row from banks/international/standard-chartered. Auto-sourced via brand-press. Asset audit 2026-08: replaced automated candidate with idn-finlogos artwork (CC BY-NC 4.0 (collection; underlying trademarks remain with their owners)).
banks/indo/bank-of-china-indonesia	Bank of China (Hong Kong) Jakarta	bank	Indonesia			https://raw.githubusercontent.com/auraveni/global-bank-logos/main/assets/bank/international-bank/boc.svg	icon	Curated corporate vector/lockup for compact UI	1.00:1 (square, 24x24)	transparent	assets/banks/indo/bank-of-china-indonesia.svg	Needs Review	Candidate row; regulator check and asset sourcing outstanding. Asset audit 2026-08: replaced automated candidate with global-bank-logos artwork (MIT (collection; underlying trademarks remain with their owners)). Shared BOC corporate mark; do not substitute a different Chinese bank.
banks/indo/commonwealth	Bank Commonwealth	bank	Indonesia				fallback	Neutral name badge; no brand identity inferred	3.33:1 (horizontal, 240x72)	transparent	assets/banks/indo/commonwealth.svg	Needs Review	OCBC acquired and has been merging this entity into OCBC Indonesia - brand likely retired. Recommend moving to Flagged - Excluded once confirmed. Auto-sourced via app-store. Asset audit 2026-08: neutral fallback badge only; The Indonesian bank merged into OCBC effective 1 September 2024; no standalone current primary mark retained. Use institution text alongside it; do not use this as a brand mark.
banks/indo/bca-syariah	BCA Syariah	bank	Indonesia		https://www.bcasyariah.co.id	https://cdn.jsdelivr.net/npm/idn-finlogos@2.5.0/dist/icons/bca-syariah.svg	wordmark	Curated corporate vector/lockup for compact UI	5.71:1 (horizontal, 80x14)	transparent	assets/banks/indo/bca-syariah.svg	Needs Review	Candidate row; regulator check and asset sourcing outstanding. Auto-sourced via brand-press. Asset audit 2026-08: replaced automated candidate with idn-finlogos artwork (CC BY-NC 4.0 (collection; underlying trademarks remain with their owners)).
banks/indo/mega-syariah	Bank Mega Syariah	bank	Indonesia		https://www.megasyariah.co.id	https://cdn.jsdelivr.net/npm/idn-finlogos@2.5.0/dist/icons/mega-syariah.svg	wordmark	Curated corporate vector/lockup for compact UI	1.36:1 (horizontal, 80x59)	transparent	assets/banks/indo/mega-syariah.svg	Needs Review	CT Corp group. Auto-sourced via brand-site. Asset audit 2026-08: replaced automated candidate with idn-finlogos artwork (CC BY-NC 4.0 (collection; underlying trademarks remain with their owners)).
banks/indo/panin-dubai-syariah	Bank Panin Dubai Syariah	bank	Indonesia		https://www.paninbanksyariah.co.id	https://cdn.jsdelivr.net/npm/idn-finlogos@2.5.0/dist/icons/panin-dubai-syariah.svg	wordmark	Curated corporate vector/lockup for compact UI	5.33:1 (horizontal, 80x15)	transparent	assets/banks/indo/panin-dubai-syariah.svg	Needs Review	Candidate row; regulator check and asset sourcing outstanding. Asset audit 2026-08: replaced automated candidate with idn-finlogos artwork (CC BY-NC 4.0 (collection; underlying trademarks remain with their owners)).
banks/indo/bjb-syariah	Bank BJB Syariah	bank	Indonesia		https://www.bjbsyariah.co.id	https://cdn.jsdelivr.net/npm/idn-finlogos@2.5.0/dist/icons/bank-bjb-syariah.svg	wordmark	Curated corporate vector/lockup for compact UI	1.36:1 (horizontal, 80x59)	transparent	assets/banks/indo/bjb-syariah.svg	Needs Review	Candidate row; regulator check and asset sourcing outstanding. Auto-sourced via app-store. Asset audit 2026-08: replaced automated candidate with idn-finlogos artwork (CC BY-NC 4.0 (collection; underlying trademarks remain with their owners)).
banks/indo/kb-bank-syariah	KB Bank Syariah	bank	Indonesia			https://commons.wikimedia.org/wiki/File:KB_Bank_Syariah.png	wordmark	Official corporate raster lockup; vector not available	2.76:1 (horizontal, 2305x834)	transparent	assets/banks/indo/kb-bank-syariah.png	Needs Review	Ex-Bank Syariah Bukopin; renamed alongside the KB Bank rebrand - confirm current name. Asset audit 2026-08: replaced automated candidate with official artwork (Official brand asset). Current 2024 KB Bank Syariah logo; Commons record identifies the official site as source.
banks/indo/victoria-syariah	Bank Victoria Syariah	bank	Indonesia			https://cdn.jsdelivr.net/npm/idn-finlogos@2.5.0/dist/icons/bank-victoria-syariah.svg	wordmark	Curated corporate vector/lockup for compact UI	3.48:1 (horizontal, 80x23)	transparent	assets/banks/indo/victoria-syariah.svg	Needs Review	Candidate row; regulator check and asset sourcing outstanding. Asset audit 2026-08: replaced automated candidate with idn-finlogos artwork (CC BY-NC 4.0 (collection; underlying trademarks remain with their owners)).
banks/indo/bank-jateng	Bank Jateng	bank	Indonesia		https://www.bankjateng.co.id	https://cdn.jsdelivr.net/npm/idn-finlogos@2.5.0/dist/icons/bank-bpd-jateng.svg	wordmark	Curated corporate vector/lockup for compact UI	2.15:1 (horizontal, 84x39)	transparent	assets/banks/indo/bank-jateng.svg	Needs Review	Regional development bank (Central Java). Auto-sourced via brand-site. Asset audit 2026-08: replaced automated candidate with idn-finlogos artwork (CC BY-NC 4.0 (collection; underlying trademarks remain with their owners)).
banks/indo/bank-bpd-diy	Bank BPD DIY	bank	Indonesia		https://www.bpddiy.co.id	https://cdn.jsdelivr.net/npm/idn-finlogos@2.5.0/dist/icons/bank-bpd-diy.svg	wordmark	Curated corporate vector/lockup for compact UI	5.00:1 (horizontal, 80x16)	transparent	assets/banks/indo/bank-bpd-diy.svg	Needs Review	Regional development bank (Yogyakarta). Auto-sourced via app-store. Asset audit 2026-08: replaced automated candidate with idn-finlogos artwork (CC BY-NC 4.0 (collection; underlying trademarks remain with their owners)).
banks/indo/bank-banten	Bank Banten	bank	Indonesia		https://www.bankbanten.co.id	https://cdn.jsdelivr.net/npm/idn-finlogos@2.5.0/dist/icons/bank-bpd-banten.svg	wordmark	Curated corporate vector/lockup for compact UI	5.33:1 (horizontal, 80x15)	transparent	assets/banks/indo/bank-banten.svg	Needs Review	Regional development bank (Banten). Has had capital difficulties - confirm operating status. Auto-sourced via brand-site. Asset audit 2026-08: replaced automated candidate with idn-finlogos artwork (CC BY-NC 4.0 (collection; underlying trademarks remain with their owners)).
banks/indo/bank-sumut	Bank Sumut	bank	Indonesia		https://www.banksumut.co.id	https://cdn.jsdelivr.net/npm/idn-finlogos@2.5.0/dist/icons/bank-bpd-sumut.svg	wordmark	Curated corporate vector/lockup for compact UI	2.42:1 (horizontal, 80x33)	transparent	assets/banks/indo/bank-sumut.svg	Needs Review	Regional development bank (North Sumatra). Auto-sourced via app-store. Asset audit 2026-08: replaced automated candidate with idn-finlogos artwork (CC BY-NC 4.0 (collection; underlying trademarks remain with their owners)).
banks/indo/bank-nagari	Bank Nagari	bank	Indonesia		https://www.banknagari.co.id	https://cdn.jsdelivr.net/npm/idn-finlogos@2.5.0/dist/icons/bank-nagari.svg	wordmark	Curated corporate vector/lockup for compact UI	2.86:1 (horizontal, 80x28)	transparent	assets/banks/indo/bank-nagari.svg	Needs Review	Regional development bank (West Sumatra). Auto-sourced via app-store. Asset audit 2026-08: replaced automated candidate with idn-finlogos artwork (CC BY-NC 4.0 (collection; underlying trademarks remain with their owners)).
banks/indo/bank-riau-kepri-syariah	Bank Riau Kepri Syariah	bank	Indonesia		https://www.bankriaukepri.co.id	https://cdn.jsdelivr.net/npm/idn-finlogos@2.5.0/dist/icons/bank-bpd-riau-kepri-syariah.svg	wordmark	Curated corporate vector/lockup for compact UI	4.44:1 (horizontal, 80x18)	transparent	assets/banks/indo/bank-riau-kepri-syariah.svg	Needs Review	Regional development bank (Riau / Riau Islands); converted to sharia in 2022 - do not use the pre-conversion asset. Asset audit 2026-08: replaced automated candidate with idn-finlogos artwork (CC BY-NC 4.0 (collection; underlying trademarks remain with their owners)).
banks/indo/bank-jambi	Bank Jambi	bank	Indonesia		https://www.bankjambi.co.id	https://cdn.jsdelivr.net/npm/idn-finlogos@2.5.0/dist/icons/bank-bpd-jambi.svg	wordmark	Curated corporate vector/lockup for compact UI	3.48:1 (horizontal, 80x23)	transparent	assets/banks/indo/bank-jambi.svg	Needs Review	Regional development bank (Jambi). Auto-sourced via app-store. Asset audit 2026-08: replaced automated candidate with idn-finlogos artwork (CC BY-NC 4.0 (collection; underlying trademarks remain with their owners)).
banks/indo/bank-sumsel-babel	Bank Sumsel Babel	bank	Indonesia		https://www.banksumselbabel.com	https://cdn.jsdelivr.net/npm/idn-finlogos@2.5.0/dist/icons/bank-bpd-sumsel-babel.svg	wordmark	Curated corporate vector/lockup for compact UI	3.20:1 (horizontal, 80x25)	transparent	assets/banks/indo/bank-sumsel-babel.svg	Needs Review	Regional development bank (South Sumatra / Bangka Belitung). Auto-sourced via brand-site. Asset audit 2026-08: replaced automated candidate with idn-finlogos artwork (CC BY-NC 4.0 (collection; underlying trademarks remain with their owners)).
banks/indo/bank-bengkulu	Bank Bengkulu	bank	Indonesia		https://www.bankbengkulu.co.id	https://cdn.jsdelivr.net/npm/idn-finlogos@2.5.0/dist/icons/bank-bengkulu.svg	wordmark	Curated corporate vector/lockup for compact UI	1.48:1 (horizontal, 80x54)	transparent	assets/banks/indo/bank-bengkulu.svg	Needs Review	Regional development bank (Bengkulu). Auto-sourced via app-store. Asset audit 2026-08: replaced automated candidate with idn-finlogos artwork (CC BY-NC 4.0 (collection; underlying trademarks remain with their owners)).
banks/indo/bank-lampung	Bank Lampung	bank	Indonesia		https://www.banklampung.co.id	https://cdn.jsdelivr.net/npm/idn-finlogos@2.5.0/dist/icons/bank-bpd-lampung.svg	wordmark	Curated corporate vector/lockup for compact UI	4.44:1 (horizontal, 80x18)	transparent	assets/banks/indo/bank-lampung.svg	Needs Review	Regional development bank (Lampung). Auto-sourced via brand-site. Asset audit 2026-08: replaced automated candidate with idn-finlogos artwork (CC BY-NC 4.0 (collection; underlying trademarks remain with their owners)).
banks/indo/bank-aceh-syariah	Bank Aceh Syariah	bank	Indonesia		https://www.bankaceh.co.id	https://cdn.jsdelivr.net/npm/idn-finlogos@2.5.0/dist/icons/bank-bpd-aceh.svg	wordmark	Curated corporate vector/lockup for compact UI	3.33:1 (horizontal, 80x24)	transparent	assets/banks/indo/bank-aceh-syariah.svg	Needs Review	Regional development bank (Aceh); converted to sharia in 2016 - do not use the pre-conversion asset. Auto-sourced via brand-site. Asset audit 2026-08: replaced automated candidate with idn-finlogos artwork (CC BY-NC 4.0 (collection; underlying trademarks remain with their owners)).
banks/indo/bank-kalbar	Bank Kalbar	bank	Indonesia		https://www.bankkalbar.co.id	https://cdn.jsdelivr.net/npm/idn-finlogos@2.5.0/dist/icons/bank-bpd-kalbar.svg	icon	Curated corporate vector/lockup for compact UI	1:1.27 (vertical, 63x80)	transparent	assets/banks/indo/bank-kalbar.svg	Needs Review	Regional development bank (West Kalimantan). Auto-sourced via app-store. Asset audit 2026-08: replaced automated candidate with idn-finlogos artwork (CC BY-NC 4.0 (collection; underlying trademarks remain with their owners)).
banks/indo/bank-kalsel	Bank Kalsel	bank	Indonesia		https://www.bankkalsel.co.id	https://cdn.jsdelivr.net/npm/idn-finlogos@2.5.0/dist/icons/bank-bpd-kalsel.svg	wordmark	Curated corporate vector/lockup for compact UI	3.20:1 (horizontal, 80x25)	transparent	assets/banks/indo/bank-kalsel.svg	Needs Review	Regional development bank (South Kalimantan). Auto-sourced via app-store. Asset audit 2026-08: replaced automated candidate with idn-finlogos artwork (CC BY-NC 4.0 (collection; underlying trademarks remain with their owners)).
banks/indo/bank-kalteng	Bank Kalteng	bank	Indonesia		https://www.bankkalteng.co.id	https://cdn.jsdelivr.net/npm/idn-finlogos@2.5.0/dist/icons/bank-bpd-kalteng.svg	wordmark	Curated corporate vector/lockup for compact UI	4.71:1 (horizontal, 80x17)	transparent	assets/banks/indo/bank-kalteng.svg	Needs Review	Regional development bank (Central Kalimantan). Auto-sourced via app-store. Asset audit 2026-08: replaced automated candidate with idn-finlogos artwork (CC BY-NC 4.0 (collection; underlying trademarks remain with their owners)).
banks/indo/bank-kaltimtara	Bank Kaltimtara	bank	Indonesia		https://www.bankaltimtara.co.id	https://cdn.jsdelivr.net/npm/idn-finlogos@2.5.0/dist/icons/bank-bpd-kalimantan-timur.svg	wordmark	Curated corporate vector/lockup for compact UI	3.64:1 (horizontal, 80x22)	transparent	assets/banks/indo/bank-kaltimtara.svg	Needs Review	Regional development bank (East / North Kalimantan). Asset audit 2026-08: replaced automated candidate with idn-finlogos artwork (CC BY-NC 4.0 (collection; underlying trademarks remain with their owners)).
banks/indo/bank-sulselbar	Bank Sulselbar	bank	Indonesia		https://www.banksulselbar.co.id	https://cdn.jsdelivr.net/npm/idn-finlogos@2.5.0/dist/icons/bank-bpd-sulselbar.svg	wordmark	Curated corporate vector/lockup for compact UI	1.57:1 (horizontal, 80x51)	transparent	assets/banks/indo/bank-sulselbar.svg	Needs Review	Regional development bank (South / West Sulawesi). Auto-sourced via app-store. Asset audit 2026-08: replaced automated candidate with idn-finlogos artwork (CC BY-NC 4.0 (collection; underlying trademarks remain with their owners)).
banks/indo/bank-sulutgo	Bank SulutGo	bank	Indonesia		https://www.banksulutgo.co.id	https://cdn.jsdelivr.net/npm/idn-finlogos@2.5.0/dist/icons/bank-bpd-sulutgo.svg	wordmark	Curated corporate vector/lockup for compact UI	6.15:1 (horizontal, 80x13)	transparent	assets/banks/indo/bank-sulutgo.svg	Needs Review	Regional development bank (North Sulawesi / Gorontalo). Asset audit 2026-08: replaced automated candidate with idn-finlogos artwork (CC BY-NC 4.0 (collection; underlying trademarks remain with their owners)).
banks/indo/bank-sulteng	Bank Sulteng	bank	Indonesia		https://www.banksulteng.co.id	https://cdn.jsdelivr.net/npm/idn-finlogos@2.5.0/dist/icons/bank-bpd-sulteng.svg	wordmark	Curated corporate vector/lockup for compact UI	4.21:1 (horizontal, 80x19)	transparent	assets/banks/indo/bank-sulteng.svg	Needs Review	Regional development bank (Central Sulawesi). Auto-sourced via app-store. Asset audit 2026-08: replaced automated candidate with idn-finlogos artwork (CC BY-NC 4.0 (collection; underlying trademarks remain with their owners)).
banks/indo/bank-sultra	Bank Sultra	bank	Indonesia		https://www.banksultra.co.id	https://cdn.jsdelivr.net/npm/idn-finlogos@2.5.0/dist/icons/bank-bpd-sultra.svg	wordmark	Curated corporate vector/lockup for compact UI	3.20:1 (horizontal, 80x25)	transparent	assets/banks/indo/bank-sultra.svg	Needs Review	Regional development bank (Southeast Sulawesi). Auto-sourced via brand-site. Asset audit 2026-08: replaced automated candidate with idn-finlogos artwork (CC BY-NC 4.0 (collection; underlying trademarks remain with their owners)).
banks/indo/bank-bpd-bali	Bank BPD Bali	bank	Indonesia		https://www.bpdbali.co.id	https://cdn.jsdelivr.net/npm/idn-finlogos@2.5.0/dist/icons/bank-bpd-bali.svg	icon	Curated corporate vector/lockup for compact UI	1.00:1 (square, 80x80)	transparent	assets/banks/indo/bank-bpd-bali.svg	Needs Review	Regional development bank (Bali). Asset audit 2026-08: replaced automated candidate with idn-finlogos artwork (CC BY-NC 4.0 (collection; underlying trademarks remain with their owners)).
banks/indo/bank-ntb-syariah	Bank NTB Syariah	bank	Indonesia		https://www.bankntbsyariah.co.id	https://cdn.jsdelivr.net/npm/idn-finlogos@2.5.0/dist/icons/bank-bpd-ntb-syariah.svg	wordmark	Curated corporate vector/lockup for compact UI	2.86:1 (horizontal, 80x28)	transparent	assets/banks/indo/bank-ntb-syariah.svg	Needs Review	Regional development bank (West Nusa Tenggara); converted to sharia in 2018. Auto-sourced via app-store. Asset audit 2026-08: replaced automated candidate with idn-finlogos artwork (CC BY-NC 4.0 (collection; underlying trademarks remain with their owners)).
banks/indo/bank-ntt	Bank NTT	bank	Indonesia		https://www.bpdntt.co.id	https://cdn.jsdelivr.net/npm/idn-finlogos@2.5.0/dist/icons/bank-bpd-ntt.svg	wordmark	Curated corporate vector/lockup for compact UI	1.36:1 (horizontal, 80x59)	transparent	assets/banks/indo/bank-ntt.svg	Needs Review	Regional development bank (East Nusa Tenggara). Auto-sourced via brand-site. Asset audit 2026-08: replaced automated candidate with idn-finlogos artwork (CC BY-NC 4.0 (collection; underlying trademarks remain with their owners)).
banks/indo/bank-maluku-malut	Bank Maluku Malut	bank	Indonesia		https://www.bankmalukumalut.co.id	https://cdn.jsdelivr.net/npm/idn-finlogos@2.5.0/dist/icons/bank-bpd-maluku-malut.svg	wordmark	Curated corporate vector/lockup for compact UI	3.81:1 (horizontal, 80x21)	transparent	assets/banks/indo/bank-maluku-malut.svg	Needs Review	Regional development bank (Maluku / North Maluku). Auto-sourced via app-store. Asset audit 2026-08: replaced automated candidate with idn-finlogos artwork (CC BY-NC 4.0 (collection; underlying trademarks remain with their owners)).
banks/indo/bank-papua	Bank Papua	bank	Indonesia		https://www.bankpapua.co.id	https://cdn.jsdelivr.net/npm/idn-finlogos@2.5.0/dist/icons/bank-bpd-papua.svg	wordmark	Curated corporate vector/lockup for compact UI	4.00:1 (horizontal, 80x20)	transparent	assets/banks/indo/bank-papua.svg	Needs Review	Regional development bank (Papua). Auto-sourced via brand-site. Asset audit 2026-08: replaced automated candidate with idn-finlogos artwork (CC BY-NC 4.0 (collection; underlying trademarks remain with their owners)).
ewallets/indo/gopay	GoPay	ewallet	Indonesia		https://www.gopay.co.id	https://gopay-website.al-gp-id-p.cdn.gtflabs.io/assets/img/homepage/apple-touch-icon.png	app-icon	App icon is the most recognised mark	1.00:1 (square, 180x180)	transparent	assets/ewallets/indo/gopay.png	Needs Review	Top-5 wallet (GoTo group). Verify: BI e-money licence list. Auto-sourced via brand-site.
ewallets/indo/ovo	OVO	ewallet	Indonesia		https://www.ovo.id	https://is1-ssl.mzstatic.com/image/thumb/Purple221/v4/83/d6/2e/83d62e61-b4d9-e268-8648-5541e0f9c487/AppIcon-0-0-1x_U007emarketing-0-8-0-sRGB-85-220.png/1024x1024bb.png	app-icon	App icon is the most recognised mark	1.00:1 (square, 1024x1024)	has own baked-in background	assets/ewallets/indo/ovo.png	Needs Review	Top-5 wallet (Grab-controlled). Auto-sourced via app-store.
ewallets/indo/dana	DANA	ewallet	Indonesia		https://www.dana.id	https://is1-ssl.mzstatic.com/image/thumb/Purple211/v4/98/77/e5/9877e539-8667-f74e-794e-275559d6bb4c/AppIcon-0-0-1x_U007ephone-0-1-0-0-85-220.png/1024x1024bb.png	app-icon	App icon is the most recognised mark	1.00:1 (square, 1024x1024)	has own baked-in background	assets/ewallets/indo/dana.png	Needs Review	Top-5 wallet (Ant Group backed). Auto-sourced via app-store.
ewallets/indo/shopeepay	ShopeePay	ewallet	Indonesia		https://shopee.co.id	https://is1-ssl.mzstatic.com/image/thumb/Purple221/v4/0b/c4/2f/0bc42f58-a172-dc71-1133-50f43319be42/AppIcon-1x_U007ephone-0-1-0-0-85-220-0.png/1024x1024bb.png	app-icon	App icon is the most recognised mark	1.00:1 (square, 1024x1024)	has own baked-in background	assets/ewallets/indo/shopeepay.png	Needs Review	Top-5 wallet. Distinguish from Shopee marketplace logo (separate ecommerce row). Auto-sourced via app-store.
ewallets/indo/linkaja	LinkAja	ewallet	Indonesia		https://www.linkaja.id	https://is1-ssl.mzstatic.com/image/thumb/Purple221/v4/17/02/54/17025479-db8a-d0c8-b038-72b4906a8583/AppIconRamadhan-1x_U007emarketing-0-11-0-85-220-0.png/1024x1024bb.png	app-icon	App icon is the most recognised mark	1.00:1 (square, 1024x1024)	has own baked-in background	assets/ewallets/indo/linkaja.png	Needs Review	Top-5 wallet (Telkomsel/state-linked). Auto-sourced via app-store.
ewallets/indo/astrapay	AstraPay	ewallet	Indonesia		https://astrapay.com	https://astrapay.com/static-assets/images/navigation/astrapay-blue-right.svg	app-icon	App icon is the most recognised mark	1:1.01 (square, 197x198)	vector (verify no baked-in background)	assets/ewallets/indo/astrapay.svg	Needs Review	Astra group. Auto-sourced via brand-site.
ewallets/indo/i-saku	i.saku	ewallet	Indonesia		https://www.isaku.id	https://is1-ssl.mzstatic.com/image/thumb/Purple221/v4/40/72/42/407242fe-1e3e-6678-fd80-abd00703ae30/AppIcon-0-0-1x_U007emarketing-0-6-0-85-220.png/1024x1024bb.png	app-icon	App icon is the most recognised mark	1.00:1 (square, 1024x1024)	has own baked-in background	assets/ewallets/indo/i-saku.png	Needs Review	Indomaret-affiliated wallet. Confirm current operating status. Auto-sourced via app-store.
ewallets/indo/doku	DOKU	ewallet	Indonesia		https://www.doku.com	https://cdn.prod.website-files.com/674ab654de930b217c6389c1/6756a9f7ba44cad5543f87e2_doku-logo-red.svg	wordmark	Wordmark is the standard public mark	1.00:1 (square, 500x500)	vector (verify no baked-in background)	assets/ewallets/indo/doku.svg	Needs Review	Payment gateway + wallet. Auto-sourced via brand-site.
ewallets/indo/flip	Flip	ewallet	Indonesia		https://flip.id	https://is1-ssl.mzstatic.com/image/thumb/Purple211/v4/87/63/b5/8763b5c1-e0b1-0823-ddb0-ce8b5d214587/AppIconTemanHemat-0-0-1x_U007epad-0-1-85-220.png/1024x1024bb.png	app-icon	App icon is the most recognised mark	1.00:1 (square, 1024x1024)	has own baked-in background	assets/ewallets/indo/flip.png	Needs Review	Transfer/remittance app. Auto-sourced via app-store.
ewallets/indo/jenius-pay	Jenius Pay	ewallet	Indonesia		https://www.jenius.com	https://www.jenius.com/assets/img/brand/logo_jenius-blue.svg	app-icon	App icon is the most recognised mark	3.88:1 (horizontal, 163x42)	vector (verify no baked-in background)	assets/ewallets/indo/jenius-pay.svg	Needs Review	Digital brand of Bank SMBC Indonesia (ex-BTPN); refreshed alongside the Oct 2024 rebrand - use post-rebrand asset only. Auto-sourced via brand-site.
ewallets/indo/sakuku	Sakuku (BCA)	ewallet	Indonesia		https://www.bca.co.id							Flagged - Excluded	EXCLUDED: BCA discontinued Sakuku (service wound down; users migrated to myBCA). Do not source an asset. Confirm final closure date with a human before deleting the row.
minimarkets/indo/alfamart	Alfamart	minimarket	Indonesia		https://alfamart.co.id	https://is1-ssl.mzstatic.com/image/thumb/Purple211/v4/92/da/4e/92da4e34-1e16-7573-8391-373b049442f8/AppIcon-0-0-1x_U007emarketing-0-8-0-85-220.png/1024x1024bb.png	wordmark	Wordmark is the standard public mark	1.00:1 (square, 1024x1024)	has own baked-in background	assets/minimarkets/indo/alfamart.png	Needs Review	Market leader. Also now operates acquired Lawson Indonesia stores. Auto-sourced via app-store.
minimarkets/indo/indomaret	Indomaret	minimarket	Indonesia		https://indomaret.co.id	https://is1-ssl.mzstatic.com/image/thumb/Purple221/v4/d6/35/f3/d635f35e-4eae-83b5-87bd-b00e231100a3/AppIcon-0-0-1x_U007ephone-0-11-0-85-220.png/1024x1024bb.png	wordmark	Wordmark is the standard public mark	1.00:1 (square, 1024x1024)	has own baked-in background	assets/minimarkets/indo/indomaret.png	Needs Review	Market leader. Auto-sourced via app-store.
minimarkets/indo/alfamidi	Alfamidi	minimarket	Indonesia		https://alfamidiku.com		wordmark	Wordmark is the standard public mark	TBD (horizontal)	TBD		Needs Review	Confirm official domain.
minimarkets/indo/circle-k-indonesia	Circle K Indonesia	minimarket	Indonesia		https://circlekindonesia.com	https://is1-ssl.mzstatic.com/image/thumb/Purple221/v4/2a/66/7e/2a667e57-f0bb-7c0e-f1ad-543431d9e0c0/AppIcon-0-0-1x_U007emarketing-0-8-0-85-220.png/1024x1024bb.png	icon	Standalone symbol, reads well compact	1.00:1 (square, 1024x1024)	has own baked-in background	assets/minimarkets/indo/circle-k-indonesia.png	Needs Review	Confirm current franchise status in Indonesia. Auto-sourced via app-store.
minimarkets/indo/lawson-indonesia	Lawson Indonesia	minimarket	Indonesia		https://www.lawsonindonesia.com	https://is1-ssl.mzstatic.com/image/thumb/Purple211/v4/a8/14/af/a814afa1-296c-8b0c-3ae5-0ffb5166f3f4/AppIcon-0-0-1x_U007emarketing-0-6-0-85-220.png/1024x1024bb.png	icon	Standalone symbol, reads well compact	1.00:1 (square, 1024x1024)	has own baked-in background	assets/minimarkets/indo/lawson-indonesia.png	Needs Review	Alfamart acquired Lawson Indonesia stores - brand may be retained, converted, or retired. Needs human decision before sourcing. Auto-sourced via app-store.
minimarkets/indo/familymart-indonesia	FamilyMart Indonesia	minimarket	Indonesia		https://www.familymart.co.id	https://is1-ssl.mzstatic.com/image/thumb/Purple221/v4/37/5c/9d/375c9d31-bad5-d325-e7ef-c1989a348540/AppIcon-0-0-1x_U007emarketing-0-8-0-0-85-220.png/1024x1024bb.png	wordmark	Wordmark is the standard public mark	1.00:1 (square, 1024x1024)	has own baked-in background	assets/minimarkets/indo/familymart-indonesia.png	Needs Review	Confirm current footprint in Indonesia. Auto-sourced via app-store.
minimarkets/indo/alfaexpress	Alfaexpress	minimarket	Indonesia									Needs Review	Named in the brief but believed largely wound down as a standalone format. Confirm operating status before sourcing - may belong in Flagged - Excluded.
minimarkets/indo/seven-eleven-indonesia	7-Eleven Indonesia	minimarket	Indonesia									Flagged - Excluded	EXCLUDED: operator PT Modern Internasional shut all remaining stores effective 30 June 2017. Not an active Indonesian payment/retail channel. No asset to source.
ecommerce/indo/shopee	Shopee	ecommerce	Indonesia		https://shopee.co.id	https://is1-ssl.mzstatic.com/image/thumb/Purple211/v4/e4/c5/18/e4c518a8-dfb7-0e15-a36d-89f00cb1b06f/AppIcon-0-1x_U007emarketing-0-6-0-0-85-220-0.png/1024x1024bb.png	app-icon	App icon is the most recognised mark	1.00:1 (square, 1024x1024)	has own baked-in background	assets/ecommerce/indo/shopee.png	Needs Review	Market leader. Auto-sourced via app-store.
ecommerce/indo/tokopedia	Tokopedia	ecommerce	Indonesia		https://www.tokopedia.com	https://is1-ssl.mzstatic.com/image/thumb/Purple211/v4/34/5f/93/345f9387-54f3-bd59-2f88-23ddcb804f33/AppIcon-0-0-1x_U007epad-0-1-0-85-220.png/1024x1024bb.png	app-icon	App icon is the most recognised mark	1.00:1 (square, 1024x1024)	has own baked-in background	assets/ecommerce/indo/tokopedia.png	Needs Review	TikTok acquired majority stake (2024); brand still operates. Auto-sourced via app-store.
ecommerce/indo/lazada-indonesia	Lazada Indonesia	ecommerce	Indonesia		https://www.lazada.co.id	https://img.lazcdn.com/g/tps/images/ims-web/TB1Hs8GaMFY.1VjSZFnXXcFHXXa.png	app-icon	App icon is the most recognised mark	3.19:1 (horizontal, 344x108)	transparent	assets/ecommerce/indo/lazada-indonesia.png	Needs Review	Alibaba group. Auto-sourced via brand-press.
ecommerce/indo/bukalapak	Bukalapak	ecommerce	Indonesia		https://www.bukalapak.com	https://is1-ssl.mzstatic.com/image/thumb/Purple221/v4/fa/28/8a/fa288a52-e5a6-06a7-c5d6-41852d2f2b07/AppIcon-0-0-1x_U007emarketing-0-7-0-0-85-220.png/1024x1024bb.png	app-icon	App icon is the most recognised mark	1.00:1 (square, 1024x1024)	has own baked-in background	assets/ecommerce/indo/bukalapak.png	Needs Review	Ceased physical-goods marketplace Feb 2025; now virtual products/digital services only. Still operating - confirm it belongs in an e-commerce grouping. Auto-sourced via app-store.
ecommerce/indo/blibli	Blibli	ecommerce	Indonesia		https://www.blibli.com	https://is1-ssl.mzstatic.com/image/thumb/Purple221/v4/7a/61/73/7a61735b-fa6a-dca1-915b-f5f8fc95a1fb/AppIcon-0-0-1x_U007epad-0-1-0-sRGB-85-220.png/1024x1024bb.png	app-icon	App icon is the most recognised mark	1.00:1 (square, 1024x1024)	has own baked-in background	assets/ecommerce/indo/blibli.png	Needs Review	Djarum/GDP Venture group. Auto-sourced via app-store.
ecommerce/indo/zalora-indonesia	Zalora Indonesia	ecommerce	Indonesia		https://www.zalora.co.id	https://static-id.zacdn.com/next-assets/static-assets/images/fav/favicon.svg	wordmark	Wordmark is the standard public mark	1.00:1 (square, 40x40)	vector (verify no baked-in background)	assets/ecommerce/indo/zalora-indonesia.svg	Needs Review	Candidate row; regulator check and asset sourcing outstanding. Auto-sourced via brand-press.
ecommerce/indo/tiktok-shop-indonesia	TikTok Shop Indonesia	ecommerce	Indonesia		https://www.tiktok.com	https://www.tiktok.com/favicon.svg	app-icon	App icon is the most recognised mark	1.00:1 (square, 200x200)	vector (verify no baked-in background)	assets/ecommerce/indo/tiktok-shop-indonesia.svg	Needs Review	Operates via Tokopedia entity post-2024 merger; confirm whether a distinct TikTok Shop mark or the Tokopedia mark is correct for checkout UI. Auto-sourced via brand-site.
ecommerce/indo/akulaku	Akulaku	ecommerce	Indonesia		https://www.akulaku.com	https://is1-ssl.mzstatic.com/image/thumb/Purple211/v4/1b/3a/49/1b3a4901-19f6-de1a-e8da-b399521cc315/AppIcon-1x_U007epad-0-1-0-sRGB-85-220-0.png/1024x1024bb.png	app-icon	App icon is the most recognised mark	1.00:1 (square, 1024x1024)	has own baked-in background	assets/ecommerce/indo/akulaku.png	Needs Review	Primarily BNPL/paylater rather than pure marketplace - confirm category fit. Auto-sourced via app-store.
ecommerce/indo/orami	Orami	ecommerce	Indonesia		https://www.orami.co.id	https://www.orami.co.id/static/images/orami-parenting-meta-image.png	wordmark	Wordmark is the standard public mark	1.90:1 (horizontal, 1200x630)	has own baked-in background	assets/ecommerce/indo/orami.png	Needs Review	Mother/baby vertical (Sirclo group). Confirm current status. Auto-sourced via brand-site.
ecommerce/indo/sociolla	Sociolla	ecommerce	Indonesia		https://www.sociolla.com	https://is1-ssl.mzstatic.com/image/thumb/Purple221/v4/2f/cd/e0/2fcde042-8eef-3a8e-92fb-91f1716ddc82/AppIcon-0-0-1x_U007emarketing-0-6-0-85-220.png/1024x1024bb.png	wordmark	Wordmark is the standard public mark	1.00:1 (square, 1024x1024)	has own baked-in background	assets/ecommerce/indo/sociolla.png	Needs Review	Beauty vertical. Auto-sourced via app-store.
ecommerce/indo/ralali	Ralali	ecommerce	Indonesia									Needs Review	B2B marketplace named in the brief; operating status uncertain in recent years. Confirm the company is still trading before sourcing an asset.
ecommerce/indo/jd-id	JD.ID	ecommerce	Indonesia									Flagged - Excluded	EXCLUDED: JD.ID ceased Indonesian operations on 31 March 2023 as the brief anticipated. No asset to source.
banks/sea/sg/dbs	DBS Bank	bank	SEA	sg	https://www.dbs.com.sg	https://raw.githubusercontent.com/auraveni/global-bank-logos/main/assets/bank/international-bank/dbs.svg	icon	Curated corporate vector/lockup for compact UI	1.00:1 (square, 24x24)	transparent	assets/banks/sea/sg/dbs.svg	Needs Review	Verify: MAS register. Auto-sourced via app-store. Asset audit 2026-08: replaced automated candidate with global-bank-logos artwork (MIT (collection; underlying trademarks remain with their owners)).
banks/sea/sg/ocbc	OCBC Bank	bank	SEA	sg	https://www.ocbc.com	https://raw.githubusercontent.com/auraveni/global-bank-logos/main/assets/bank/international-bank/ocbc.svg	icon	Curated corporate vector/lockup for compact UI	1:1.06 (vertical, 1549x1635)	transparent	assets/banks/sea/sg/ocbc.svg	Needs Review	Verify: MAS register. Auto-sourced via brand-press. Asset audit 2026-08: replaced automated candidate with global-bank-logos artwork (MIT (collection; underlying trademarks remain with their owners)).
banks/sea/sg/uob	UOB	bank	SEA	sg	https://www.uob.com.sg	https://raw.githubusercontent.com/auraveni/global-bank-logos/main/assets/bank/international-bank/uob.svg	icon	Curated corporate vector/lockup for compact UI	1.00:1 (square, 24x24)	transparent	assets/banks/sea/sg/uob.svg	Needs Review	Verify: MAS register. Auto-sourced via app-store. Asset audit 2026-08: replaced automated candidate with global-bank-logos artwork (MIT (collection; underlying trademarks remain with their owners)).
banks/sea/sg/standard-chartered	Standard Chartered Singapore	bank	SEA	sg	https://www.sc.com/sg	https://raw.githubusercontent.com/auraveni/global-bank-logos/main/assets/bank/international-bank/standard.svg	icon	Curated corporate vector/lockup for compact UI	1.00:1 (square, 24x24)	transparent	assets/banks/sea/sg/standard-chartered.svg	Needs Review	Verify: MAS register. Consider whether local variants duplicate the international row. Auto-sourced via brand-press. Asset audit 2026-08: replaced automated candidate with global-bank-logos artwork (MIT (collection; underlying trademarks remain with their owners)).
banks/sea/sg/citibank	Citibank Singapore	bank	SEA	sg	https://www.citibank.com.sg	https://www.citibank.com.sg/content/experience-fragments/cgcpc/sg/prelogin/www-citibank-com-sg/footer/master/_jcr_content/root/container/container_1938911663/container_780719881/image.coreimg.svg/1756189707913/citi-logo.svg	wordmark	Wordmark is the standard public mark	1.94:1 (horizontal, 66x34)	vector (verify no baked-in background)	assets/banks/sea/sg/citibank.svg	Needs Review	Verify: MAS register. Consider whether local variants duplicate the international row. Auto-sourced via brand-press.
banks/sea/sg/maybank	Maybank Singapore	bank	SEA	sg	https://www.maybank2u.com.sg	https://raw.githubusercontent.com/auraveni/global-bank-logos/main/assets/bank/international-bank/maybank.svg	icon	Curated corporate vector/lockup for compact UI	1.00:1 (square, 24x24)	transparent	assets/banks/sea/sg/maybank.svg	Needs Review	Verify: MAS register. Same group mark as Maybank MY - confirm whether a distinct SG asset is needed. Auto-sourced via app-store. Asset audit 2026-08: replaced automated candidate with global-bank-logos artwork (MIT (collection; underlying trademarks remain with their owners)).
banks/sea/my/maybank	Maybank	bank	SEA	my	https://www.maybank2u.com.my	https://raw.githubusercontent.com/auraveni/global-bank-logos/main/assets/bank/international-bank/maybank.svg	icon	Curated corporate vector/lockup for compact UI	1.00:1 (square, 24x24)	transparent	assets/banks/sea/my/maybank.svg	Needs Review	Verify: BNM list. Auto-sourced via app-store. Asset audit 2026-08: replaced automated candidate with global-bank-logos artwork (MIT (collection; underlying trademarks remain with their owners)).
banks/sea/my/cimb	CIMB Bank	bank	SEA	my	https://www.cimb.com.my		fallback	Neutral name badge; no brand identity inferred	3.33:1 (horizontal, 240x72)	transparent	assets/banks/sea/my/cimb.svg	Needs Review	Verify: BNM list. Auto-sourced via brand-site. Asset audit 2026-08: neutral fallback badge only; The downloaded file was an app/favicon asset, not a verified corporate primary mark. Use institution text alongside it; do not use this as a brand mark.
banks/sea/my/public-bank	Public Bank	bank	SEA	my	https://www.pbebank.com		fallback	Neutral name badge; no brand identity inferred	3.33:1 (horizontal, 240x72)	transparent	assets/banks/sea/my/public-bank.svg	Needs Review	Verify: BNM list. Auto-sourced via brand-site. Asset audit 2026-08: neutral fallback badge only; The available candidate was a dated anniversary variant; do not ship it as the current primary mark. Use institution text alongside it; do not use this as a brand mark.
banks/sea/my/rhb	RHB Bank	bank	SEA	my	https://www.rhbgroup.com	https://www.rhbgroup.com/-/media/Project/RHB/Logo/logo.png	wordmark	Wordmark is the standard public mark	3.10:1 (horizontal, 248x80)	transparent	assets/banks/sea/my/rhb.webp	Needs Review	Verify: BNM list. Auto-sourced via brand-site.
banks/sea/my/hong-leong-bank	Hong Leong Bank	bank	SEA	my	https://www.hlb.com.my	https://www.hlb.com.my/content/dam/global/icons/logo-hong-leong-desktop.png	wordmark	Wordmark is the standard public mark	5.50:1 (horizontal, 220x40)	transparent	assets/banks/sea/my/hong-leong-bank.png	Needs Review	Verify: BNM list. Auto-sourced via brand-press.
banks/sea/my/ambank	AmBank	bank	SEA	my	https://www.ambank.com.my	https://www.ambank.com.my/assets/images/logo/main.svg	wordmark	Wordmark is the standard public mark	1.72:1 (horizontal, 105x61)	vector (verify no baked-in background)	assets/banks/sea/my/ambank.svg	Needs Review	Verify: BNM list. Auto-sourced via brand-site.
banks/sea/my/bank-islam	Bank Islam	bank	SEA	my	https://www.bankislam.com		fallback	Neutral name badge; no brand identity inferred	3.33:1 (horizontal, 240x72)	transparent	assets/banks/sea/my/bank-islam.svg	Needs Review	Verify: BNM list. Auto-sourced via app-store. Asset audit 2026-08: neutral fallback badge only; Only an app-store icon was available in the fetched set. Use institution text alongside it; do not use this as a brand mark.
banks/sea/th/bangkok-bank	Bangkok Bank	bank	SEA	th	https://www.bangkokbank.com		fallback	Neutral name badge; no brand identity inferred	3.33:1 (horizontal, 240x72)	transparent	assets/banks/sea/th/bangkok-bank.svg	Needs Review	Verify: BOT register. Owns PermataBank Indonesia. Auto-sourced via app-store. Asset audit 2026-08: neutral fallback badge only; Only an app-store icon was available in the fetched set; no matching corporate vector was found in the authoritative fallback set. Use institution text alongside it; do not use this as a brand mark.
banks/sea/th/kasikornbank	Kasikornbank (KBank)	bank	SEA	th	https://www.kasikornbank.com		fallback	Neutral name badge; no brand identity inferred	3.33:1 (horizontal, 240x72)	transparent	assets/banks/sea/th/kasikornbank.svg	Needs Review	Verify: BOT register. Auto-sourced via app-store. Asset audit 2026-08: neutral fallback badge only; Only an app-store icon was available in the fetched set. Use institution text alongside it; do not use this as a brand mark.
banks/sea/th/scb	Siam Commercial Bank (SCB)	bank	SEA	th	https://www.scb.co.th	https://commons.wikimedia.org/wiki/File%3ASiam_Commercial_Bank_Logo.svg	wordmark	Curated corporate vector/lockup for compact UI	3.20:1 (horizontal, 240x75)	transparent	assets/banks/sea/th/scb.svg	Needs Review	Verify: BOT register. Auto-sourced via brand-site. Asset audit 2026-08: replaced automated candidate with official artwork (Official brand asset). Current Siam Commercial Bank logo; source is the bank's 2022 annual report via Commons.
banks/sea/th/krungthai	Krungthai Bank	bank	SEA	th	https://krungthai.com	https://raw.githubusercontent.com/auraveni/global-bank-logos/main/assets/bank/international-bank/krungthai.svg	icon	Curated corporate vector/lockup for compact UI	1.00:1 (square, 24x24)	transparent	assets/banks/sea/th/krungthai.svg	Needs Review	Verify: BOT register. State-owned. Auto-sourced via app-store. Asset audit 2026-08: replaced automated candidate with global-bank-logos artwork (MIT (collection; underlying trademarks remain with their owners)).
banks/sea/th/krungsri	Krungsri (Bank of Ayudhya)	bank	SEA	th	https://www.krungsri.com		fallback	Neutral name badge; no brand identity inferred	3.33:1 (horizontal, 240x72)	transparent	assets/banks/sea/th/krungsri.svg	Needs Review	Verify: BOT register. MUFG-controlled. Auto-sourced via app-store. Asset audit 2026-08: neutral fallback badge only; Only an app-store icon was available in the fetched set. Use institution text alongside it; do not use this as a brand mark.
banks/sea/th/ttb	ttb (TMBThanachart Bank)	bank	SEA	th	https://www.ttbbank.com	https://www.ttbbank.com/th/about-us/ttb-logo	wordmark	Curated corporate vector/lockup for compact UI	2.03:1 (horizontal, 48x23)	transparent	assets/banks/sea/th/ttb.svg	Needs Review	Formed from TMB + Thanachart merger - do NOT use legacy TMB or Thanachart assets. Verify: BOT register. Auto-sourced via brand-site. Asset audit 2026-08: replaced automated candidate with official artwork (Official brand asset). Official current ttb corporate mark transcribed from the bank's inline SVG; transparent mark only, no page background or slogan.
banks/sea/ph/bdo	BDO Unibank	bank	SEA	ph	https://www.bdo.com.ph		fallback	Neutral name badge; no brand identity inferred	3.33:1 (horizontal, 240x72)	transparent	assets/banks/sea/ph/bdo.svg	Needs Review	Verify: BSP directory. Auto-sourced via app-store. Asset audit 2026-08: neutral fallback badge only; Only an app-store icon was available in the fetched set. Use institution text alongside it; do not use this as a brand mark.
banks/sea/ph/bpi	Bank of the Philippine Islands (BPI)	bank	SEA	ph	https://www.bpi.com.ph	https://www.bpi.com.ph/content/dam/bpi/main-navigation/BPI_RT__96x42_header_rev.svg	wordmark	Wordmark is the standard public mark	2.38:1 (horizontal, 100x42)	vector (verify no baked-in background)	assets/banks/sea/ph/bpi.svg	Needs Review	Verify: BSP directory. Rebranded identity in recent years - use current asset only. Auto-sourced via brand-site.
banks/sea/ph/metrobank	Metrobank	bank	SEA	ph	https://www.metrobank.com.ph	https://web-assets.metrobank.com.ph/1724928977-mb-yigh-logo-2019-electric-blue.png	wordmark	Wordmark is the standard public mark	4.16:1 (horizontal, 233x56)	transparent	assets/banks/sea/ph/metrobank.png	Needs Review	Verify: BSP directory. Auto-sourced via brand-press.
banks/sea/ph/landbank	Landbank	bank	SEA	ph	https://www.landbank.com		fallback	Neutral name badge; no brand identity inferred	3.33:1 (horizontal, 240x72)	transparent	assets/banks/sea/ph/landbank.svg	Needs Review	State-owned. Verify: BSP directory. Auto-sourced via brand-site. Asset audit 2026-08: neutral fallback badge only; The available candidate was a small favicon; no corporate lockup was verified. Use institution text alongside it; do not use this as a brand mark.
banks/sea/ph/security-bank	Security Bank	bank	SEA	ph	https://www.securitybank.com		fallback	Neutral name badge; no brand identity inferred	3.33:1 (horizontal, 240x72)	transparent	assets/banks/sea/ph/security-bank.svg	Needs Review	Verify: BSP directory. Auto-sourced via brand-site. Asset audit 2026-08: neutral fallback badge only; The available candidate was an app/favicon asset, not a verified corporate primary mark. Use institution text alongside it; do not use this as a brand mark.
banks/sea/ph/unionbank	UnionBank of the Philippines	bank	SEA	ph	https://www.unionbankph.com		fallback	Neutral name badge; no brand identity inferred	3.33:1 (horizontal, 240x72)	transparent	assets/banks/sea/ph/unionbank.svg	Needs Review	Verify: BSP directory. Auto-sourced via app-store. Asset audit 2026-08: neutral fallback badge only; Only an app-store icon was available in the fetched set. Use institution text alongside it; do not use this as a brand mark.
banks/sea/vn/vietcombank	Vietcombank	bank	SEA	vn	https://www.vietcombank.com.vn	https://www.vietcombank.com.vn/-/media/Project/VCB-Sites/VCB/Home-page/VCB-Logo/Logo-VCB-no-60.png?ts=20240605031450	wordmark	Wordmark is the standard public mark	2.94:1 (horizontal, 365x124)	transparent	assets/banks/sea/vn/vietcombank.webp	Needs Review	Verify: SBV list. Auto-sourced via brand-site.
banks/sea/vn/vietinbank	VietinBank	bank	SEA	vn	https://www.vietinbank.vn		fallback	Neutral name badge; no brand identity inferred	3.33:1 (horizontal, 240x72)	transparent	assets/banks/sea/vn/vietinbank.svg	Needs Review	Verify: SBV list. Auto-sourced via app-store. Asset audit 2026-08: neutral fallback badge only; Only an app-store icon was available in the fetched set. Use institution text alongside it; do not use this as a brand mark.
banks/sea/vn/bidv	BIDV	bank	SEA	vn	https://www.bidv.com.vn		fallback	Neutral name badge; no brand identity inferred	3.33:1 (horizontal, 240x72)	transparent	assets/banks/sea/vn/bidv.svg	Needs Review	Verify: SBV list. Auto-sourced via brand-site. Asset audit 2026-08: neutral fallback badge only; The downloaded candidate was an insurance/banner image, not the BIDV logo. Use institution text alongside it; do not use this as a brand mark.
banks/sea/vn/techcombank	Techcombank	bank	SEA	vn	https://www.techcombank.com	https://techcombank.com/content/dam/techcombank/public-site/seo/techcombank_logo_svg_86201e50d1.svg	wordmark	Wordmark is the standard public mark	7.38:1 (horizontal, 406x55)	vector (verify no baked-in background)	assets/banks/sea/vn/techcombank.svg	Needs Review	Verify: SBV list. Auto-sourced via brand-site.
banks/sea/vn/vpbank	VPBank	bank	SEA	vn	https://www.vpbank.com.vn		fallback	Neutral name badge; no brand identity inferred	3.33:1 (horizontal, 240x72)	transparent	assets/banks/sea/vn/vpbank.svg	Needs Review	Verify: SBV list. Auto-sourced via app-store. Asset audit 2026-08: neutral fallback badge only; Only an app-store icon was available in the fetched set. Use institution text alongside it; do not use this as a brand mark.
banks/sea/vn/acb	ACB (Asia Commercial Bank)	bank	SEA	vn	https://www.acb.com.vn	https://acb.com.vn/_next/image?url=%2Fimages%2Flogo.svg&w=384&q=70	wordmark	Wordmark is the standard public mark	2.41:1 (horizontal, 135x56)	vector (verify no baked-in background)	assets/banks/sea/vn/acb.svg	Needs Review	Verify: SBV list. Auto-sourced via brand-site.
banks/sea/vn/sacombank	Sacombank	bank	SEA	vn	https://www.sacombank.com.vn	https://www.sacombank.com.vn/android-chrome-512x512.png	wordmark	Wordmark is the standard public mark	1.00:1 (square, 512x512)	transparent	assets/banks/sea/vn/sacombank.png	Needs Review	Verify: SBV list. Auto-sourced via brand-site.
banks/sea/kh/aba-bank	ABA Bank	bank	SEA	kh	https://www.ababank.com		fallback	Neutral name badge; no brand identity inferred	3.33:1 (horizontal, 240x72)	transparent	assets/banks/sea/kh/aba-bank.svg	Needs Review	Verify: NBC list. Lower-priority market per brief. Auto-sourced via app-store. Asset audit 2026-08: neutral fallback badge only; Only an app-store icon was available in the fetched set. Use institution text alongside it; do not use this as a brand mark.
banks/sea/la/bcel	BCEL (Banque pour le Commerce Exterieur Lao)	bank	SEA	la	https://www.bcel.com.la	https://www.bcel.com.la/bcel/resources/imgs/ibank1_1.png	wordmark	Wordmark is the standard public mark	1.03:1 (square, 130x126)	transparent	assets/banks/sea/la/bcel.png	Needs Review	Verify: BOL list. Lower-priority market; limited asset availability expected. Auto-sourced via brand-site.
banks/sea/bn/bibd	Bank Islam Brunei Darussalam (BIBD)	bank	SEA	bn	https://www.bibd.com.bn	https://bibd.com.bn/wp-content/uploads/2021/10/BIBD-logo.png	wordmark	Wordmark is the standard public mark	2.67:1 (horizontal, 155x58)	transparent	assets/banks/sea/bn/bibd.png	Needs Review	Verify: BDCB list. Lower-priority market per brief. Auto-sourced via brand-site.
banks/sea/mm/kbz-bank	KBZ Bank	bank	SEA	mm								Needs Review	SANCTIONS/SENSITIVE JURISDICTION - per brief, do NOT source or download an asset without human sign-off. Screen against current OFAC/EU/UK designations for the bank and its owners before any use.
ewallets/sea/sg/grabpay	GrabPay	ewallet	SEA	sg	https://www.grab.com/sg/pay	https://assets.grab.com/wp-content/uploads/sites/4/2021/04/15151634/Grab_Logo_2021.jpg	app-icon	App icon is the most recognised mark	1.90:1 (horizontal, 1200x630)	has own baked-in background	assets/ewallets/sea/sg/grabpay.jpg	Needs Review	Regional wallet - confirm whether one shared Grab asset or per-country rows are wanted (see duplicate-risk note in README). Auto-sourced via brand-press.
ewallets/sea/sg/paylah	DBS PayLah!	ewallet	SEA	sg	https://www.dbs.com.sg/personal/deposits/pay-with-ease/dbs-paylah		app-icon	App icon is the most recognised mark	TBD (square)	TBD		Needs Review	Verify: MAS register.
ewallets/sea/sg/dash	Dash	ewallet	SEA	sg	https://dash.com.sg	https://dash.com.sg/assets/images/general/site-thumbnail.png	app-icon	App icon is the most recognised mark	1.90:1 (horizontal, 1200x630)	has own baked-in background	assets/ewallets/sea/sg/dash.png	Needs Review	"Brief lists this as ""Singtel Dash"" - Singtel agreed to sell Dash to Western Union (announced Oct 2024). Use current post-transition branding, not the Singtel-badged asset. Auto-sourced via brand-press."
ewallets/sea/sg/favepay	FavePay	ewallet	SEA	sg	https://myfave.com	https://myfave.com/favicons/safari-pinned-tab.svg	app-icon	App icon is the most recognised mark	1.00:1 (square, 700x700)	vector (verify no baked-in background)	assets/ewallets/sea/sg/favepay.svg	Needs Review	Confirm current operating status and ownership (Pine Labs group) before sourcing. Auto-sourced via brand-site.
ewallets/sea/sg/youtrip	YouTrip	ewallet	SEA	sg	https://www.you.co	https://www.you.co/sg/wp-content/uploads/sites/2/2025/11/icon-512x512-1-300x300.png	app-icon	App icon is the most recognised mark	1.00:1 (square, 300x300)	has own baked-in background	assets/ewallets/sea/sg/youtrip.png	Needs Review	Multi-currency card/wallet. Verify: MAS register. Auto-sourced via brand-site.
ewallets/sea/my/touch-n-go	Touch 'n Go eWallet	ewallet	SEA	my	https://www.touchngo.com.my	https://www.touchngo.com.my/assets/press-release/putrabrandaward/TNGD_Putra-Brand-of-the-Year-Award.jpg	app-icon	App icon is the most recognised mark	1.50:1 (horizontal, 2231x1487)	has own baked-in background	assets/ewallets/sea/my/touch-n-go.jpg	Needs Review	Market leader MY. Verify: BNM list. Auto-sourced via brand-press.
ewallets/sea/my/grabpay	GrabPay Malaysia	ewallet	SEA	my	https://www.grab.com/my/pay	https://assets.grab.com/wp-content/uploads/sites/8/2021/04/15153013/Grab_Logo_2021.jpg	app-icon	App icon is the most recognised mark	1.90:1 (horizontal, 1200x630)	has own baked-in background	assets/ewallets/sea/my/grabpay.jpg	Needs Review	Same regional brand as sg/grabpay - confirm whether per-country duplication is intended. Auto-sourced via brand-press.
ewallets/sea/my/boost	Boost	ewallet	SEA	my	https://myboost.com.my	https://myboost.co/themes/custom/boost_web/assets/img/logo.svg	app-icon	App icon is the most recognised mark	3.13:1 (horizontal, 2033x649)	vector (verify no baked-in background)	assets/ewallets/sea/my/boost.svg	Needs Review	Axiata group. Verify: BNM list. Auto-sourced via brand-site.
ewallets/sea/my/shopeepay	ShopeePay Malaysia	ewallet	SEA	my	https://shopee.com.my	https://is1-ssl.mzstatic.com/image/thumb/Purple211/v4/c9/4d/36/c94d36f7-8a91-d36c-8bed-2c331fe238bb/AppIcon-1x_U007ephone-0-1-0-0-85-220-0.png/1024x1024bb.png	app-icon	App icon is the most recognised mark	1.00:1 (square, 1024x1024)	has own baked-in background	assets/ewallets/sea/my/shopeepay.png	Needs Review	Same regional brand as indo/shopeepay - confirm whether per-country duplication is intended. Auto-sourced via app-store.
ewallets/sea/my/bigpay	BigPay	ewallet	SEA	my	https://www.bigpayme.com	https://bigpayme.com/assets/bigpay-logo-512.png	app-icon	App icon is the most recognised mark	1.00:1 (square, 512x512)	transparent	assets/ewallets/sea/my/bigpay.png	Needs Review	Capital A/AirAsia group. Verify: BNM list. Auto-sourced via brand-press.
ewallets/sea/th/truemoney	TrueMoney	ewallet	SEA	th	https://www.truemoney.com	https://www.truemoney.com/wp-content/uploads/2026/08/truemoney-icon-180.png	app-icon	App icon is the most recognised mark	1.00:1 (square, 180x180)	transparent	assets/ewallets/sea/th/truemoney.png	Needs Review	Ascend Money group; operates across SEA incl. Indonesia. Verify: BOT register. Auto-sourced via brand-site.
ewallets/sea/th/rabbit-line-pay	Rabbit LINE Pay	ewallet	SEA	th	https://www.rabbitlinepay.com	https://is1-ssl.mzstatic.com/image/thumb/Purple211/v4/3b/8b/f4/3b8bf408-788e-5059-05ab-e4857b3dd559/AppIcon-0-0-1x_U007emarketing-0-8-0-85-220.png/1024x1024bb.png	app-icon	App icon is the most recognised mark	1.00:1 (square, 1024x1024)	has own baked-in background	assets/ewallets/sea/th/rabbit-line-pay.png	Needs Review	Confirm current branding/ownership arrangement. Verify: BOT register. Auto-sourced via app-store.
ewallets/sea/th/shopeepay	ShopeePay Thailand	ewallet	SEA	th	https://shopee.co.th		app-icon	App icon is the most recognised mark	TBD (square)	TBD		Needs Review	Regional brand duplication - see README note.
ewallets/sea/th/grabpay	GrabPay Thailand	ewallet	SEA	th	https://www.grab.com/th/pay	https://assets.grab.com/wp-content/uploads/sites/10/2021/04/15154415/Grab_Logo_2021.jpg	app-icon	App icon is the most recognised mark	1.90:1 (horizontal, 1200x630)	has own baked-in background	assets/ewallets/sea/th/grabpay.jpg	Needs Review	Regional brand duplication - see README note. Auto-sourced via brand-press.
ewallets/sea/ph/gcash	GCash	ewallet	SEA	ph	https://www.gcash.com	https://cdn.prod.website-files.com/6385b55675a0bd614777a5c1/6474928322d48888f6c8cfe5_biz-gcash-logo.svg	app-icon	App icon is the most recognised mark	1.18:1 (horizontal, 72x61)	vector (verify no baked-in background)	assets/ewallets/sea/ph/gcash.svg	Needs Review	Market leader PH. Verify: BSP directory. Auto-sourced via brand-site.
ewallets/sea/ph/maya	Maya	ewallet	SEA	ph	https://www.maya.ph	https://www.maya.ph/hubfs/Maya/money-green.svg	app-icon	App icon is the most recognised mark	3.50:1 (horizontal, 147x42)	vector (verify no baked-in background)	assets/ewallets/sea/ph/maya.svg	Needs Review	Rebranded from PayMaya - do NOT use legacy PayMaya asset. Verify: BSP directory. Auto-sourced via brand-site.
ewallets/sea/ph/grabpay	GrabPay Philippines	ewallet	SEA	ph	https://www.grab.com/ph/pay	https://assets.grab.com/wp-content/uploads/sites/12/2021/04/15154552/Grab_Logo_2021.jpg	app-icon	App icon is the most recognised mark	1.90:1 (horizontal, 1200x630)	has own baked-in background	assets/ewallets/sea/ph/grabpay.jpg	Needs Review	Regional brand duplication - see README note. Auto-sourced via brand-press.
ewallets/sea/ph/coins-ph	Coins.ph	ewallet	SEA	ph	https://coins.ph	https://exchange-prod-coins-landing.s3.ap-northeast-1.amazonaws.com/coins-landing/favicon_42b1136f5c.png	app-icon	App icon is the most recognised mark	1.00:1 (square, 512x512)	transparent	assets/ewallets/sea/ph/coins-ph.png	Needs Review	Crypto-adjacent wallet - confirm it fits the intended payment-method grouping. Verify: BSP directory. Auto-sourced via brand-press.
ewallets/sea/vn/momo	MoMo	ewallet	SEA	vn	https://momo.vn	https://homepage.momocdn.net/img/momo-amazone-s3-api-241023152559-638652939595693626.png	app-icon	App icon is the most recognised mark	1.00:1 (square, 180x180)	transparent	assets/ewallets/sea/vn/momo.png	Needs Review	Market leader VN. Verify: SBV list. Auto-sourced via brand-site.
ewallets/sea/vn/zalopay	ZaloPay	ewallet	SEA	vn	https://zalopay.vn	https://is1-ssl.mzstatic.com/image/thumb/Purple211/v4/8b/26/d5/8b26d5b4-c2ad-9324-0130-4c281ea02676/AppIcon-0-0-1x_U007emarketing-0-6-0-85-220.png/1024x1024bb.png	app-icon	App icon is the most recognised mark	1.00:1 (square, 1024x1024)	has own baked-in background	assets/ewallets/sea/vn/zalopay.png	Needs Review	Rebranded in recent years - use current asset. Verify: SBV list. Auto-sourced via app-store.
ewallets/sea/vn/vnpay	VNPAY	ewallet	SEA	vn	https://vnpay.vn	https://1889324617.cloud.edgevnpay.vn/assets/images/logo-icon/logo-primary.svg	app-icon	App icon is the most recognised mark	3.29:1 (horizontal, 138x42)	vector (verify no baked-in background)	assets/ewallets/sea/vn/vnpay.svg	Needs Review	Primarily a payment gateway/QR scheme - confirm category fit. Verify: SBV list. Auto-sourced via brand-site.
ewallets/sea/vn/shopeepay	ShopeePay Vietnam	ewallet	SEA	vn	https://shopee.vn		app-icon	App icon is the most recognised mark	TBD (square)	TBD		Needs Review	Regional brand duplication - see README note.
ewallets/sea/vn/moca	Moca	ewallet	SEA	vn								Flagged - Excluded	EXCLUDED: Grab terminated Moca e-wallet services in Vietnam effective 1 July 2024. Named in the brief but no longer an active payment method. No asset to source.
ewallets/sea/kh/wing	Wing	ewallet	SEA	kh	https://www.wingmoney.com	https://is1-ssl.mzstatic.com/image/thumb/Purple221/v4/95/cd/f4/95cdf484-1e7a-b024-87aa-9edc35d3482c/AppIcon-0-0-1x_U007ephone-0-1-0-sRGB-85-220.png/1024x1024bb.png	app-icon	App icon is the most recognised mark	1.00:1 (square, 1024x1024)	has own baked-in background	assets/ewallets/sea/kh/wing.png	Needs Review	Verify: NBC list. Lower-priority market per brief. Auto-sourced via app-store.
ewallets/sea/mm/kbzpay	KBZPay	ewallet	SEA	mm								Needs Review	SANCTIONS/SENSITIVE JURISDICTION - per brief, do NOT source or download an asset without human sign-off. Tied to KBZ Bank; screen against current designations first.
ewallets/sea/la/bcel-one	BCEL One	ewallet	SEA	la	https://www.bcel.com.la	https://www.bcel.com.la/bcel/resources/imgs/ibank1_1.png	app-icon	App icon is the most recognised mark	1.03:1 (square, 130x126)	transparent	assets/ewallets/sea/la/bcel-one.png	Needs Review	Mobile app of BCEL. Lower-priority market; limited asset availability expected. Auto-sourced via brand-site.
banks/international/gb/hsbc	HSBC	bank	International	gb	https://www.hsbc.com	https://raw.githubusercontent.com/auraveni/global-bank-logos/main/assets/bank/international-bank/hsbc.svg	icon	Curated corporate vector/lockup for compact UI	1.00:1 (square, 24x24)	transparent	assets/banks/international/gb/hsbc.svg	Needs Review	Globally recognised; relevant to Indonesian cross-border transfers. Path renamed from a flat banks/international/{name} to the country-scoped convention when the international list expanded to cover Wise/PandaRemit corridors. Auto-sourced via brand-site. Asset audit 2026-08: replaced automated candidate with global-bank-logos artwork (MIT (collection; underlying trademarks remain with their owners)).
banks/international/us/citibank	Citibank	bank	International	us	https://www.citi.com	https://raw.githubusercontent.com/auraveni/global-bank-logos/main/assets/bank/international-bank/citi.svg	icon	Curated corporate vector/lockup for compact UI	1.00:1 (square, 24x24)	transparent	assets/banks/international/us/citibank.svg	Needs Review	Globally recognised. Path renamed from a flat banks/international/{name} to the country-scoped convention when the international list expanded to cover Wise/PandaRemit corridors. Auto-sourced via brand-site. Asset audit 2026-08: replaced automated candidate with global-bank-logos artwork (MIT (collection; underlying trademarks remain with their owners)).
banks/international/gb/standard-chartered	Standard Chartered	bank	International	gb	https://www.sc.com	https://raw.githubusercontent.com/auraveni/global-bank-logos/main/assets/bank/international-bank/standard.svg	icon	Curated corporate vector/lockup for compact UI	1.00:1 (square, 24x24)	transparent	assets/banks/international/gb/standard-chartered.svg	Needs Review	Globally recognised. Path renamed from a flat banks/international/{name} to the country-scoped convention when the international list expanded to cover Wise/PandaRemit corridors. Asset audit 2026-08: replaced automated candidate with global-bank-logos artwork (MIT (collection; underlying trademarks remain with their owners)).
banks/international/us/jpmorgan-chase	JPMorgan Chase	bank	International	us	https://www.chase.com	https://raw.githubusercontent.com/auraveni/global-bank-logos/main/assets/bank/international-bank/chase.svg	icon	Curated corporate vector/lockup for compact UI	1.00:1 (square, 24x24)	transparent	assets/banks/international/us/jpmorgan-chase.svg	Needs Review	Largest US bank by assets. Reachable via Wise and/or PandaRemit corridors from Indonesia. Auto-sourced via brand-site. Asset audit 2026-08: replaced automated candidate with global-bank-logos artwork (MIT (collection; underlying trademarks remain with their owners)).
banks/international/us/bank-of-america	Bank of America	bank	International	us	https://www.bankofamerica.com	https://raw.githubusercontent.com/auraveni/global-bank-logos/main/assets/bank/international-bank/boa.svg	icon	Curated corporate vector/lockup for compact UI	1.00:1 (square, 24x24)	transparent	assets/banks/international/us/bank-of-america.svg	Needs Review	Reachable via Wise and/or PandaRemit corridors from Indonesia. Auto-sourced via brand-site. Asset audit 2026-08: replaced automated candidate with global-bank-logos artwork (MIT (collection; underlying trademarks remain with their owners)).
banks/international/us/wells-fargo	Wells Fargo	bank	International	us	https://www.wellsfargo.com	https://raw.githubusercontent.com/auraveni/global-bank-logos/main/assets/bank/international-bank/wells.svg	icon	Curated corporate vector/lockup for compact UI	1:1.02 (square, 84x86)	transparent	assets/banks/international/us/wells-fargo.svg	Needs Review	Reachable via Wise and/or PandaRemit corridors from Indonesia. Auto-sourced via brand-site. Asset audit 2026-08: replaced automated candidate with global-bank-logos artwork (MIT (collection; underlying trademarks remain with their owners)).
banks/international/us/capital-one	Capital One	bank	International	us	https://www.capitalone.com		fallback	Neutral name badge; no brand identity inferred	3.33:1 (horizontal, 240x72)	transparent	assets/banks/international/us/capital-one.svg	Needs Review	Reachable via Wise and/or PandaRemit corridors from Indonesia. Auto-sourced via brand-site. Asset audit 2026-08: neutral fallback badge only; The downloaded candidate was Paze, a different Capital One product. Use institution text alongside it; do not use this as a brand mark.
banks/international/us/us-bank	U.S. Bank	bank	International	us	https://www.usbank.com	https://www.usbank.com/etc.clientlibs/ecm-global/clientlibs/clientlib-resources/resources/images/svg/logo-personal.svg	wordmark	Wordmark is the standard public mark	3.58:1 (horizontal, 258x72)	vector (verify no baked-in background)	assets/banks/international/us/us-bank.svg	Needs Review	Reachable via Wise and/or PandaRemit corridors from Indonesia. Auto-sourced via brand-site.
banks/international/us/pnc-bank	PNC Bank	bank	International	us	https://www.pnc.com		fallback	Neutral name badge; no brand identity inferred	3.33:1 (horizontal, 240x72)	transparent	assets/banks/international/us/pnc-bank.svg	Needs Review	Reachable via Wise and/or PandaRemit corridors from Indonesia. Auto-sourced via app-store. Asset audit 2026-08: neutral fallback badge only; Only an app-store icon was available in the fetched set. Use institution text alongside it; do not use this as a brand mark.
banks/international/us/chime	Chime	bank	International	us	https://www.chime.com		fallback	Neutral name badge; no brand identity inferred	3.33:1 (horizontal, 240x72)	transparent	assets/banks/international/us/chime.svg	Needs Review	Digital-only neobank; app icon is the recognised mark. Popular receiving account for remittances to US-based students/workers. Reachable via Wise and/or PandaRemit corridors from Indonesia. Auto-sourced via app-store. Asset audit 2026-08: neutral fallback badge only; Only an app-store icon was available in the fetched set. Use institution text alongside it; do not use this as a brand mark.
banks/international/gb/barclays	Barclays	bank	International	gb	https://www.barclays.co.uk	https://raw.githubusercontent.com/auraveni/global-bank-logos/main/assets/bank/international-bank/barclays.svg	icon	Curated corporate vector/lockup for compact UI	1.00:1 (square, 24x24)	transparent	assets/banks/international/gb/barclays.svg	Needs Review	Eagle symbol used standalone in UK banking UI. Reachable via Wise and/or PandaRemit corridors from Indonesia. Auto-sourced via brand-site. Asset audit 2026-08: replaced automated candidate with global-bank-logos artwork (MIT (collection; underlying trademarks remain with their owners)).
banks/international/gb/lloyds-bank	Lloyds Bank	bank	International	gb	https://www.lloydsbank.com		fallback	Neutral name badge; no brand identity inferred	3.33:1 (horizontal, 240x72)	transparent	assets/banks/international/gb/lloyds-bank.svg	Needs Review	Black horse symbol used standalone. Reachable via Wise and/or PandaRemit corridors from Indonesia. Auto-sourced via brand-site. Asset audit 2026-08: neutral fallback badge only; The available candidate was an app/favicon asset, not a verified corporate primary mark. Use institution text alongside it; do not use this as a brand mark.
banks/international/gb/natwest	NatWest	bank	International	gb	https://www.natwest.com	https://raw.githubusercontent.com/auraveni/global-bank-logos/main/assets/bank/international-bank/natwest.svg	icon	Curated corporate vector/lockup for compact UI	1.00:1 (square, 24x24)	transparent	assets/banks/international/gb/natwest.svg	Needs Review	Reachable via Wise and/or PandaRemit corridors from Indonesia. Auto-sourced via brand-site. Asset audit 2026-08: replaced automated candidate with global-bank-logos artwork (MIT (collection; underlying trademarks remain with their owners)).
banks/international/gb/santander-uk	Santander UK	bank	International	gb	https://www.santander.co.uk	https://www.santander.co.uk/themes/custom/santander_web18_2_0/logo.svg	wordmark	Wordmark is the standard public mark	5.67:1 (horizontal, 816x144)	vector (verify no baked-in background)	assets/banks/international/gb/santander-uk.svg	Needs Review	Local arm of the Spanish group; distinct brand identity from Santander in other markets. Reachable via Wise and/or PandaRemit corridors from Indonesia. Auto-sourced via brand-site.
banks/international/gb/monzo	Monzo	bank	International	gb	https://monzo.com	https://github.com/simple-icons/simple-icons/blob/develop/icons/monzo.svg	icon	Curated corporate vector/lockup for compact UI	1.00:1 (square, 24x24)	transparent	assets/banks/international/gb/monzo.svg	Needs Review	Digital-only neobank; coral-colored app icon is the recognised mark. Reachable via Wise and/or PandaRemit corridors from Indonesia. Auto-sourced via brand-press. Asset audit 2026-08: replaced automated candidate with simple-icons artwork (CC0 1.0 (artwork collection; underlying trademarks remain with their owners)).
banks/international/de/deutsche-bank	Deutsche Bank	bank	International	de	https://www.deutsche-bank.de	https://raw.githubusercontent.com/auraveni/global-bank-logos/main/assets/bank/international-bank/deutsche.svg	icon	Curated corporate vector/lockup for compact UI	1.00:1 (square, 24x24)	transparent	assets/banks/international/de/deutsche-bank.svg	Needs Review	Slash-in-square symbol used standalone. Reachable via Wise and/or PandaRemit corridors from Indonesia. Auto-sourced via brand-site. Asset audit 2026-08: replaced automated candidate with global-bank-logos artwork (MIT (collection; underlying trademarks remain with their owners)).
banks/international/de/commerzbank	Commerzbank	bank	International	de	https://www.commerzbank.de	https://github.com/simple-icons/simple-icons/blob/develop/icons/commerzbank.svg	icon	Curated corporate vector/lockup for compact UI	1.00:1 (square, 24x24)	transparent	assets/banks/international/de/commerzbank.svg	Needs Review	Reachable via Wise and/or PandaRemit corridors from Indonesia. Auto-sourced via brand-site. Asset audit 2026-08: replaced automated candidate with simple-icons artwork (CC0 1.0 (artwork collection; underlying trademarks remain with their owners)).
banks/international/de/n26	N26	bank	International	de	https://n26.com		fallback	Neutral name badge; no brand identity inferred	3.33:1 (horizontal, 240x72)	transparent	assets/banks/international/de/n26.svg	Needs Review	Digital-only neobank; app icon is the recognised mark. Common receiving account for Indonesian students in Germany. Reachable via Wise and/or PandaRemit corridors from Indonesia. Auto-sourced via brand-press. Asset audit 2026-08: neutral fallback badge only; The available candidate was the N26 app tile; no corporate primary mark was verified. Use institution text alongside it; do not use this as a brand mark.
banks/international/fr/bnp-paribas	BNP Paribas	bank	International	fr	https://www.bnpparibas.com	https://raw.githubusercontent.com/auraveni/global-bank-logos/main/assets/bank/international-bank/bnp.svg	icon	Curated corporate vector/lockup for compact UI	1.00:1 (square, 24x24)	transparent	assets/banks/international/fr/bnp-paribas.svg	Needs Review	Reachable via Wise and/or PandaRemit corridors from Indonesia. Auto-sourced via app-store. Asset audit 2026-08: replaced automated candidate with global-bank-logos artwork (MIT (collection; underlying trademarks remain with their owners)).
banks/international/fr/societe-generale	Société Générale	bank	International	fr	https://www.societegenerale.com	https://raw.githubusercontent.com/auraveni/global-bank-logos/main/assets/bank/international-bank/societe-generale.svg	icon	Curated corporate vector/lockup for compact UI	1.00:1 (square, 24x24)	transparent	assets/banks/international/fr/societe-generale.svg	Needs Review	Red/black square symbol used standalone. Reachable via Wise and/or PandaRemit corridors from Indonesia. Auto-sourced via brand-press. Asset audit 2026-08: replaced automated candidate with global-bank-logos artwork (MIT (collection; underlying trademarks remain with their owners)).
banks/international/fr/credit-agricole	Crédit Agricole	bank	International	fr	https://www.credit-agricole.com		fallback	Neutral name badge; no brand identity inferred	3.33:1 (horizontal, 240x72)	transparent	assets/banks/international/fr/credit-agricole.svg	Needs Review	Reachable via Wise and/or PandaRemit corridors from Indonesia. Auto-sourced via brand-site. Asset audit 2026-08: neutral fallback badge only; The downloaded candidate was a YouTube logo; CACIB is a different corporate entity. Use institution text alongside it; do not use this as a brand mark.
banks/international/nl/ing	ING	bank	International	nl	https://www.ing.nl		fallback	Neutral name badge; no brand identity inferred	3.33:1 (horizontal, 240x72)	transparent	assets/banks/international/nl/ing.svg	Needs Review	Orange lion symbol used standalone. Reachable via Wise and/or PandaRemit corridors from Indonesia. Auto-sourced via app-store. Asset audit 2026-08: neutral fallback badge only; Only an app-store icon was available in the fetched set. Use institution text alongside it; do not use this as a brand mark.
banks/international/nl/abn-amro	ABN AMRO	bank	International	nl	https://www.abnamro.nl	https://raw.githubusercontent.com/auraveni/global-bank-logos/main/assets/bank/international-bank/abn-amro.svg	icon	Curated corporate vector/lockup for compact UI	1.00:1 (square, 24x24)	transparent	assets/banks/international/nl/abn-amro.svg	Needs Review	Reachable via Wise and/or PandaRemit corridors from Indonesia. Auto-sourced via brand-site. Asset audit 2026-08: replaced automated candidate with global-bank-logos artwork (MIT (collection; underlying trademarks remain with their owners)).
banks/international/nl/rabobank	Rabobank	bank	International	nl	https://www.rabobank.nl	https://raw.githubusercontent.com/auraveni/global-bank-logos/main/assets/bank/international-bank/rabobank.svg	icon	Curated corporate vector/lockup for compact UI	1:1.20 (vertical, 20x24)	transparent	assets/banks/international/nl/rabobank.svg	Needs Review	Reachable via Wise and/or PandaRemit corridors from Indonesia. Auto-sourced via app-store. Asset audit 2026-08: replaced automated candidate with global-bank-logos artwork (MIT (collection; underlying trademarks remain with their owners)).
banks/international/cn/bank-of-china	Bank of China	bank	International	cn	https://www.boc.cn	https://raw.githubusercontent.com/auraveni/global-bank-logos/main/assets/bank/international-bank/boc.svg	icon	Curated corporate vector/lockup for compact UI	1.00:1 (square, 24x24)	transparent	assets/banks/international/cn/bank-of-china.svg	Needs Review	Reachable via Wise and/or PandaRemit corridors from Indonesia. Auto-sourced via brand-site. Asset audit 2026-08: replaced automated candidate with global-bank-logos artwork (MIT (collection; underlying trademarks remain with their owners)).
banks/international/cn/icbc	Industrial and Commercial Bank of China (ICBC)	bank	International	cn	https://www.icbc.com.cn	https://raw.githubusercontent.com/auraveni/global-bank-logos/main/assets/bank/international-bank/icbc.svg	icon	Curated corporate vector/lockup for compact UI	1.00:1 (square, 24x24)	transparent	assets/banks/international/cn/icbc.svg	Needs Review	Reachable via Wise and/or PandaRemit corridors from Indonesia. Auto-sourced via app-store. Asset audit 2026-08: replaced automated candidate with global-bank-logos artwork (MIT (collection; underlying trademarks remain with their owners)).
banks/international/cn/china-construction-bank	China Construction Bank	bank	International	cn	https://www.ccb.com		fallback	Neutral name badge; no brand identity inferred	3.33:1 (horizontal, 240x72)	transparent	assets/banks/international/cn/china-construction-bank.svg	Needs Review	Reachable via Wise and/or PandaRemit corridors from Indonesia. Asset audit 2026-08: neutral fallback badge only; No matching corporate vector was found in the authoritative fallback set. Use institution text alongside it; do not use this as a brand mark.
banks/international/cn/agricultural-bank-of-china	Agricultural Bank of China	bank	International	cn	https://www.abchina.com	http://www.abchina.com/cn/images/logo_ue2.png	wordmark	Wordmark is the standard public mark	4.58:1 (horizontal, 220x48)	transparent	assets/banks/international/cn/agricultural-bank-of-china.png	Needs Review	Reachable via Wise and/or PandaRemit corridors from Indonesia. Auto-sourced via brand-site.
banks/international/cn/china-merchants-bank	China Merchants Bank	bank	International	cn	https://www.cmbchina.com	https://wwwcdn.cmbimg.com/Images/logo.png	wordmark	Wordmark is the standard public mark	1:1.11 (vertical, 132x146)	transparent	assets/banks/international/cn/china-merchants-bank.png	Needs Review	Reachable via Wise and/or PandaRemit corridors from Indonesia. Auto-sourced via brand-site.
banks/international/au/commonwealth-bank	Commonwealth Bank of Australia	bank	International	au	https://www.commbank.com.au	https://raw.githubusercontent.com/auraveni/global-bank-logos/main/assets/bank/international-bank/commonwealth.svg	icon	Curated corporate vector/lockup for compact UI	1.00:1 (square, 322x322)	transparent	assets/banks/international/au/commonwealth-bank.svg	Needs Review	Reachable via Wise and/or PandaRemit corridors from Indonesia. Auto-sourced via brand-press. Asset audit 2026-08: replaced automated candidate with global-bank-logos artwork (MIT (collection; underlying trademarks remain with their owners)).
banks/international/au/westpac	Westpac	bank	International	au	https://www.westpac.com.au	https://raw.githubusercontent.com/auraveni/global-bank-logos/main/assets/bank/international-bank/westpac.svg	icon	Curated corporate vector/lockup for compact UI	1.00:1 (square, 24x24)	transparent	assets/banks/international/au/westpac.svg	Needs Review	Reachable via Wise and/or PandaRemit corridors from Indonesia. Auto-sourced via brand-site. Asset audit 2026-08: replaced automated candidate with global-bank-logos artwork (MIT (collection; underlying trademarks remain with their owners)).
banks/international/au/anz-australia	ANZ	bank	International	au	https://www.anz.com.au	https://raw.githubusercontent.com/auraveni/global-bank-logos/main/assets/bank/international-bank/anz.svg	icon	Curated corporate vector/lockup for compact UI	1.00:1 (square, 24x24)	transparent	assets/banks/international/au/anz-australia.svg	Needs Review	AU/NZ parent group - distinct row from banks/indo/anz-indonesia (consumer business there has since exited; confirm current scope). Reachable via Wise and/or PandaRemit corridors from Indonesia. Auto-sourced via brand-site. Asset audit 2026-08: replaced automated candidate with global-bank-logos artwork (MIT (collection; underlying trademarks remain with their owners)).
banks/international/au/nab	National Australia Bank (NAB)	bank	International	au	https://www.nab.com.au	https://raw.githubusercontent.com/auraveni/global-bank-logos/main/assets/bank/international-bank/nab.svg	icon	Curated corporate vector/lockup for compact UI	1:1.03 (square, 1549x1589)	transparent	assets/banks/international/au/nab.svg	Needs Review	Reachable via Wise and/or PandaRemit corridors from Indonesia. Auto-sourced via brand-site. Asset audit 2026-08: replaced automated candidate with global-bank-logos artwork (MIT (collection; underlying trademarks remain with their owners)).
banks/international/ca/rbc	Royal Bank of Canada (RBC)	bank	International	ca	https://www.rbc.com	https://raw.githubusercontent.com/auraveni/global-bank-logos/main/assets/bank/international-bank/rbc.svg	icon	Curated corporate vector/lockup for compact UI	1:1.16 (vertical, 39x45)	transparent	assets/banks/international/ca/rbc.svg	Needs Review	Reachable via Wise and/or PandaRemit corridors from Indonesia. Auto-sourced via app-store. Asset audit 2026-08: replaced automated candidate with global-bank-logos artwork (MIT (collection; underlying trademarks remain with their owners)).
banks/international/ca/td-bank	TD Bank	bank	International	ca	https://www.td.com	https://raw.githubusercontent.com/auraveni/global-bank-logos/main/assets/bank/international-bank/td.svg	icon	Curated corporate vector/lockup for compact UI	1.12:1 (horizontal, 1561x1396)	transparent	assets/banks/international/ca/td-bank.svg	Needs Review	Green shield symbol used standalone. Reachable via Wise and/or PandaRemit corridors from Indonesia. Auto-sourced via brand-site. Asset audit 2026-08: replaced automated candidate with global-bank-logos artwork (MIT (collection; underlying trademarks remain with their owners)).
banks/international/ca/scotiabank	Scotiabank	bank	International	ca	https://www.scotiabank.com	https://www.scotiabank.com/content/dam/scotiabank/images/logos/2019/scotiabank-logo-red-desktop-200px.svg	wordmark	Wordmark is the standard public mark	7.14:1 (horizontal, 207x29)	vector (verify no baked-in background)	assets/banks/international/ca/scotiabank.svg	Needs Review	Reachable via Wise and/or PandaRemit corridors from Indonesia. Auto-sourced via brand-site.
banks/international/jp/mufg-bank	MUFG Bank	bank	International	jp	https://www.bk.mufg.jp	https://raw.githubusercontent.com/auraveni/global-bank-logos/main/assets/bank/international-bank/mufg.svg	icon	Curated corporate vector/lockup for compact UI	1.00:1 (square, 24x24)	transparent	assets/banks/international/jp/mufg-bank.svg	Needs Review	JP parent - distinct row from banks/indo/mufg-indonesia. Reachable via Wise and/or PandaRemit corridors from Indonesia. Auto-sourced via brand-site. Asset audit 2026-08: replaced automated candidate with global-bank-logos artwork (MIT (collection; underlying trademarks remain with their owners)). Current MUFG mark; replaces the anniversary variant.
banks/international/jp/smbc	Sumitomo Mitsui Banking Corporation (SMBC)	bank	International	jp	https://www.smbc.co.jp	https://raw.githubusercontent.com/auraveni/global-bank-logos/main/assets/bank/international-bank/smbc.svg	icon	Curated corporate vector/lockup for compact UI	1.00:1 (square, 24x24)	transparent	assets/banks/international/jp/smbc.svg	Needs Review	JP parent - distinct from Bank SMBC Indonesia (the renamed ex-BTPN), which has its own local identity. Reachable via Wise and/or PandaRemit corridors from Indonesia. Auto-sourced via brand-site. Asset audit 2026-08: replaced automated candidate with global-bank-logos artwork (MIT (collection; underlying trademarks remain with their owners)).
banks/international/jp/japan-post-bank	Japan Post Bank	bank	International	jp	https://www.jp-bank.japanpost.jp		fallback	Neutral name badge; no brand identity inferred	3.33:1 (horizontal, 240x72)	transparent	assets/banks/international/jp/japan-post-bank.svg	Needs Review	Reachable via Wise and/or PandaRemit corridors from Indonesia. Auto-sourced via brand-press. Asset audit 2026-08: neutral fallback badge only; The downloaded candidate was a baseball promotion image, not the corporate mark. Use institution text alongside it; do not use this as a brand mark.
banks/international/kr/kb-kookmin-bank	KB Kookmin Bank	bank	International	kr	https://www.kbstar.com		fallback	Neutral name badge; no brand identity inferred	3.33:1 (horizontal, 240x72)	transparent	assets/banks/international/kr/kb-kookmin-bank.svg	Needs Review	Reachable via Wise and/or PandaRemit corridors from Indonesia. Auto-sourced via brand-site. Asset audit 2026-08: replaced automated candidate with global-bank-logos artwork (MIT (collection; underlying trademarks remain with their owners)). Asset audit 2026-08: neutral fallback badge only; The available vector includes a full-canvas background; no transparent corporate lockup was verified. Use institution text alongside it; do not use this as a brand mark.
banks/international/kr/shinhan-bank	Shinhan Bank	bank	International	kr	https://www.shinhan.com	https://raw.githubusercontent.com/auraveni/global-bank-logos/main/assets/bank/international-bank/shinhan.svg	icon	Curated corporate vector/lockup for compact UI	1.00:1 (square, 24x24)	transparent	assets/banks/international/kr/shinhan-bank.svg	Needs Review	KR parent - distinct row from banks/indo/shinhan-indonesia. Reachable via Wise and/or PandaRemit corridors from Indonesia. Asset audit 2026-08: replaced automated candidate with global-bank-logos artwork (MIT (collection; underlying trademarks remain with their owners)).
banks/international/kr/woori-bank	Woori Bank	bank	International	kr	https://www.wooribank.com	https://raw.githubusercontent.com/auraveni/global-bank-logos/main/assets/bank/international-bank/woori.svg	icon	Curated corporate vector/lockup for compact UI	1.00:1 (square, 24x24)	transparent	assets/banks/international/kr/woori-bank.svg	Needs Review	KR parent - distinct row from banks/indo/woori-saudara. Reachable via Wise and/or PandaRemit corridors from Indonesia. Auto-sourced via app-store. Asset audit 2026-08: replaced automated candidate with global-bank-logos artwork (MIT (collection; underlying trademarks remain with their owners)).
banks/international/hk/hang-seng-bank	Hang Seng Bank	bank	International	hk	https://www.hangseng.com		fallback	Neutral name badge; no brand identity inferred	3.33:1 (horizontal, 240x72)	transparent	assets/banks/international/hk/hang-seng-bank.svg	Needs Review	Reachable via Wise and/or PandaRemit corridors from Indonesia. Asset audit 2026-08: neutral fallback badge only; No matching corporate vector was found in the authoritative fallback set. Use institution text alongside it; do not use this as a brand mark.
banks/international/hk/bank-of-china-hk	Bank of China (Hong Kong)	bank	International	hk	https://www.bochk.com	https://raw.githubusercontent.com/auraveni/global-bank-logos/main/assets/bank/international-bank/boc.svg	icon	Curated corporate vector/lockup for compact UI	1.00:1 (square, 24x24)	transparent	assets/banks/international/hk/bank-of-china-hk.svg	Needs Review	HK retail entity - distinct row from banks/indo/bank-of-china-indonesia. Reachable via Wise and/or PandaRemit corridors from Indonesia. Asset audit 2026-08: replaced automated candidate with global-bank-logos artwork (MIT (collection; underlying trademarks remain with their owners)).
ewallets/international/paypal	PayPal	ewallet	International		https://www.paypal.com	https://www.paypalobjects.com/marketing/web/icons/monogram/pp196.png	icon	Standalone symbol, reads well compact	1.00:1 (square, 196x196)	has own baked-in background	assets/ewallets/international/paypal.png	Needs Review	Indonesia support unconfirmed - confirm on PayPal's own site before including. Auto-sourced via brand-site.
ewallets/international/wise	Wise	ewallet	International		https://wise.com	https://wise.com/public-resources/assets/icons/wise-personal/safari_pinned_tab.svg	app-icon	App icon is the most recognised mark	1.00:1 (square, 32x32)	vector (verify no baked-in background)	assets/ewallets/international/wise.svg	Needs Review	Indonesia support unconfirmed - confirm IDR receive support on wise.com before including. Auto-sourced via brand-site.
ewallets/international/payoneer	Payoneer	ewallet	International		https://www.payoneer.com	https://www.payoneer.com/wp-content/themes/payo/assets/img/favicons/apple-icon-152x152.png	wordmark	Wordmark is the standard public mark	1.00:1 (square, 152x152)	transparent	assets/ewallets/international/payoneer.png	Needs Review	Indonesia support unconfirmed - confirm on payoneer.com before including. Auto-sourced via brand-site.
ewallets/international/skrill	Skrill	ewallet	International		https://www.skrill.com	https://www.skrill.com/typo3conf/ext/sitepackage/Resources/Public/images/icons/Skrill_Logo_With_Tagline.svg	wordmark	Wordmark is the standard public mark	3.07:1 (horizontal, 141x46)	vector (verify no baked-in background)	assets/ewallets/international/skrill.svg	Needs Review	Indonesia support unconfirmed - Skrill country coverage changes; confirm before including. Auto-sourced via brand-site.
ewallets/international/western-union	Western Union	ewallet	International		https://www.westernunion.com	https://www.westernunion.com/content/dam/wu/logo/logo.wu.big.svg	wordmark	Wordmark is the standard public mark	4.41:1 (horizontal, 260x59)	vector (verify no baked-in background)	assets/ewallets/international/western-union.svg	Needs Review	Long-established Indonesia corridor; confirm on WU site. Also now owner of Singapore's Dash (see sea/sg/dash). Auto-sourced via brand-site.
ewallets/international/moneygram	MoneyGram	ewallet	International		https://www.moneygram.com	https://www.moneygram.com/_next/static/media/tiktok_logo_inverse.c05a617f.svg	wordmark	Wordmark is the standard public mark	1:1.14 (vertical, 448x512)	vector (verify no baked-in background)	assets/ewallets/international/moneygram.svg	Needs Review	Indonesia support unconfirmed - confirm before including. Auto-sourced via brand-site.
ewallets/international/worldremit	WorldRemit	ewallet	International		https://www.worldremit.com	https://www.worldremit.com/web-cms-assets/next-assets/icons/favicon.svg	wordmark	Wordmark is the standard public mark	1.00:1 (square, 32x32)	vector (verify no baked-in background)	assets/ewallets/international/worldremit.svg	Needs Review	Indonesia support unconfirmed - confirm before including. Parent group also operates Zepz/Sendwave brands. Auto-sourced via brand-site.
ewallets/international/remitly	Remitly	ewallet	International		https://www.remitly.com	https://media.remitly.io/remitly_logo_horizontal_white_tu.zrhAxFCrR5s4IlKb.svg	wordmark	Wordmark is the standard public mark	4.21:1 (horizontal, 236x56)	vector (verify no baked-in background)	assets/ewallets/international/remitly.svg	Needs Review	Indonesia support unconfirmed - confirm before including. Auto-sourced via brand-site.
ewallets/international/cn/alipay	Alipay	ewallet	International	cn	https://www.alipay.com		app-icon	App icon is the most recognised mark	TBD (square)	TBD		Needs Review	Dominant China mobile wallet; PandaRemit and similar corridors deliver into it directly.
ewallets/international/cn/wechat-pay	WeChat Pay	ewallet	International	cn	https://pay.weixin.qq.com		app-icon	App icon is the most recognised mark	TBD (square)	TBD		Needs Review	Dominant China mobile wallet alongside Alipay.
ewallets/international/gb/revolut	Revolut	ewallet	International	gb	https://www.revolut.com	https://assets.revolut.com/assets/favicons/safari-pinned-tab.svg	app-icon	App icon is the most recognised mark	1.00:1 (square, 700x700)	vector (verify no baked-in background)	assets/ewallets/international/gb/revolut.svg	Needs Review	UK-licensed digital bank/wallet; app icon is the recognised mark. Common Wise-adjacent receiving account in Europe. Auto-sourced via brand-site.
